Frame,ROI_X,ROI_Y,Delta_X,Tracker_Number
0,1239,450,0,0
1,1240,451,1,0
2,1239,450,-1,0
3,1240,451,1,0
4,1239,452,-1,0
5,1240,451,1,0
6,1239,452,-1,0
7,1240,451,1,0
8,1239,452,-1,0
9,1240,451,1,0
10,1239,452,-1,0
11,1240,451,1,0
12,1239,452,-1,0
13,1240,451,1,0
14,1239,452,-1,0
15,1240,451,1,0
16,1239,452,-1,0
17,1240,451,1,0
18,1239,452,-1,0
19,1240,451,1,0
20,1239,452,-1,0
21,1240,451,1,0
22,1239,452,-1,0
23,1240,451,1,0
24,1239,452,-1,0
25,1240,451,1,0
26,1239,452,-1,0
27,1240,451,1,0
28,1239,452,-1,0
29,1240,451,1,0
30,1239,452,-1,0
31,1240,451,1,0
32,1239,452,-1,0
33,1240,451,1,0
34,1239,452,-1,0
35,1240,451,1,0
36,1239,452,-1,0
37,1240,451,1,0
38,1239,452,-1,0
39,1240,451,1,0
40,1239,452,-1,0
41,1240,451,1,0
42,1239,452,-1,0
43,1240,451,1,0
44,1239,452,-1,0
45,1240,451,1,0
46,1239,452,-1,0
47,1240,451,1,0
48,1239,452,-1,0
49,1240,451,1,0
50,1239,452,-1,0
51,1240,451,1,0
52,1239,452,-1,0
53,1240,451,1,0
54,1239,452,-1,0
55,1240,451,1,0
56,1239,452,-1,0
57,1240,451,1,0
58,1239,452,-1,0
59,1240,451,1,0
60,1239,452,-1,0
61,1240,451,1,0
62,1239,452,-1,0
63,1240,451,1,0
64,1239,452,-1,0
65,1240,451,1,0
66,1239,452,-1,0
67,1240,451,1,0
68,1239,452,-1,0
69,1240,451,1,0
70,1239,452,-1,0
71,1240,451,1,0
72,1239,452,-1,0
73,1240,451,1,0
74,1239,452,-1,0
75,1240,451,1,0
76,1239,452,-1,0
77,1240,451,1,0
78,1239,452,-1,0
79,1240,451,1,0
80,1239,452,-1,0
81,1240,451,1,0
82,1239,452,-1,0
83,1240,451,1,0
84,1239,452,-1,0
85,1240,451,1,0
86,1239,452,-1,0
87,1240,451,1,0
88,1239,452,-1,0
89,1240,451,1,0
90,1239,452,-1,0
91,1240,451,1,0
92,1239,452,-1,0
93,1240,451,1,0
94,1239,452,-1,0
95,1240,451,1,0
96,1239,452,-1,0
97,1240,451,1,0
98,1239,452,-1,0
99,1240,451,1,0
100,1239,452,-1,0
101,1240,451,1,0
102,1239,452,-1,0
103,1240,451,1,0
104,1239,452,-1,0
105,1240,451,1,0
106,1239,452,-1,0
107,1240,451,1,0
108,1239,452,-1,0
109,1240,451,1,0
110,1239,452,-1,0
111,1240,451,1,0
112,1239,452,-1,0
113,1240,451,1,0
114,1239,452,-1,0
115,1240,451,1,0
116,1239,452,-1,0
117,1240,451,1,0
118,1239,452,-1,0
119,1240,451,1,0
120,1239,452,-1,0
121,1240,451,1,0
122,1239,452,-1,0
123,1240,451,1,0
124,1239,452,-1,0
125,1240,451,1,0
126,1239,452,-1,0
127,1240,451,1,0
128,1239,452,-1,0
129,1240,451,1,0
130,1239,452,-1,0
131,1240,451,1,0
132,1239,452,-1,0
133,1240,451,1,0
134,1241,452,1,0
135,1242,451,1,0
136,1241,452,-1,0
137,1242,451,1,0
138,1243,452,1,0
139,1244,451,1,0
140,1243,452,-1,0
141,1244,451,1,0
142,1243,452,-1,0
143,1244,451,1,0
144,1243,452,-1,0
145,1244,451,1,0
146,1243,452,-1,0
147,1244,451,1,0
148,1243,452,-1,0
149,1244,451,1,0
150,1243,452,-1,0
151,1244,451,1,0
152,1245,452,1,0
153,1246,451,1,0
154,1245,452,-1,0
155,1246,451,1,0
156,1245,452,-1,0
157,1246,451,1,0
158,1245,452,-1,0
159,1246,451,1,0
160,1245,452,-1,0
161,1246,451,1,0
162,1245,452,-1,0
163,1246,451,1,0
164,1245,452,-1,0
165,1246,451,1,0
166,1245,452,-1,0
167,1246,451,1,0
168,1245,452,-1,0
169,1246,451,1,0
170,1245,452,-1,0
171,1246,451,1,0
172,1245,452,-1,0
173,1246,451,1,0
174,1245,452,-1,0
175,1246,451,1,0
176,1245,452,-1,0
177,1246,451,1,0
178,1245,452,-1,0
179,1246,451,1,0
180,1245,452,-1,0
181,1246,451,1,0
182,1245,452,-1,0
183,1246,451,1,0
184,1245,452,-1,0
185,1246,451,1,0
186,1245,452,-1,0
187,1246,451,1,0
188,1245,452,-1,0
189,1246,451,1,0
190,1245,452,-1,0
191,1246,451,1,0
192,1245,452,-1,0
193,1246,451,1,0
194,1245,452,-1,0
195,1246,451,1,0
196,1245,452,-1,0
197,1246,451,1,0
198,1245,452,-1,0
199,1246,451,1,0
200,1245,452,-1,0
201,1246,451,1,0
202,1245,452,-1,0
203,1246,451,1,0
204,1245,452,-1,0
205,1246,451,1,0
206,1245,452,-1,0
207,1246,451,1,0
208,1245,452,-1,0
209,1246,451,1,0
210,1245,452,-1,0
211,1246,451,1,0
212,1245,452,-1,0
213,1246,451,1,0
214,1245,452,-1,0
215,1246,451,1,0
216,1245,452,-1,0
217,1246,451,1,0
218,1245,452,-1,0
219,1246,451,1,0
220,1245,452,-1,0
221,1246,451,1,0
222,1245,452,-1,0
223,1246,451,1,0
224,1245,452,-1,0
225,1246,451,1,0
226,1245,452,-1,0
227,1246,451,1,0
228,1245,452,-1,0
229,1246,451,1,0
230,1245,452,-1,0
231,1246,451,1,0
232,1245,452,-1,0
233,1246,451,1,0
234,1245,452,-1,0
235,1246,451,1,0
236,1245,452,-1,0
237,1246,451,1,0
238,1245,452,-1,0
239,1246,451,1,0
240,1245,452,-1,0
241,1246,451,1,0
242,1245,452,-1,0
243,1246,451,1,0
244,1245,452,-1,0
245,1246,451,1,0
246,1245,452,-1,0
247,1246,451,1,0
248,1245,452,-1,0
249,1246,451,1,0
250,1245,452,-1,0
251,1246,451,1,0
252,1245,452,-1,0
253,1246,451,1,0
254,1245,452,-1,0
255,1246,451,1,0
256,1245,452,-1,0
257,1246,451,1,0
258,1245,452,-1,0
259,1246,451,1,0
260,1245,452,-1,0
261,1246,451,1,0
262,1245,452,-1,0
263,1246,451,1,0
264,1245,452,-1,0
265,1246,451,1,0
266,1245,452,-1,0
267,1246,451,1,0
268,1245,452,-1,0
269,1246,451,1,0
270,1245,452,-1,0
271,1246,451,1,0
272,1245,452,-1,0
273,1246,451,1,0
274,1245,452,-1,0
275,1246,451,1,0
276,1245,452,-1,0
277,1246,451,1,0
278,1245,452,-1,0
279,1246,451,1,0
280,1245,452,-1,0
281,1246,451,1,0
282,1245,452,-1,0
283,1246,451,1,0
284,1245,452,-1,0
285,1246,451,1,0
286,1245,452,-1,0
287,1246,451,1,0
288,1245,452,-1,0
289,1246,451,1,0
290,1245,452,-1,0
291,1246,451,1,0
292,1245,452,-1,0
293,1246,451,1,0
294,1245,452,-1,0
295,1246,451,1,0
296,1245,452,-1,0
297,1246,451,1,0
298,1245,452,-1,0
299,1246,451,1,0
300,1245,452,-1,0
301,1246,451,1,0
302,1245,452,-1,0
303,1246,451,1,0
304,1245,452,-1,0
305,1246,451,1,0
306,1245,452,-1,0
307,1246,451,1,0
308,1245,452,-1,0
309,1246,451,1,0
310,1245,452,-1,0
311,1246,451,1,0
312,1245,452,-1,0
313,1246,451,1,0
314,1245,452,-1,0
315,1246,451,1,0
316,1245,452,-1,0
317,1246,451,1,0
318,1245,452,-1,0
319,1246,451,1,0
320,1245,452,-1,0
321,1246,451,1,0
322,1245,452,-1,0
323,1246,451,1,0
324,1245,452,-1,0
325,1246,451,1,0
326,1245,452,-1,0
327,1246,451,1,0
328,1245,452,-1,0
329,1246,451,1,0
330,1245,452,-1,0
331,1246,451,1,0
332,1245,452,-1,0
333,1246,451,1,0
334,1245,452,-1,0
335,1246,451,1,0
336,1245,452,-1,0
337,1246,451,1,0
338,1245,452,-1,0
339,1246,451,1,0
340,1245,452,-1,0
341,1246,451,1,0
342,1245,452,-1,0
343,1246,451,1,0
344,1245,452,-1,0
345,1246,451,1,0
346,1245,452,-1,0
347,1246,451,1,0
348,1245,452,-1,0
349,1246,451,1,0
350,1245,452,-1,0
351,1246,451,1,0
352,1245,452,-1,0
353,1246,451,1,0
354,1245,452,-1,0
355,1246,451,1,0
356,1245,452,-1,0
357,1246,451,1,0
358,1245,452,-1,0
359,1246,451,1,0
360,1245,452,-1,0
361,1246,451,1,0
362,1245,452,-1,0
363,1246,451,1,0
364,1245,452,-1,0
365,1246,451,1,0
366,1245,452,-1,0
367,1246,451,1,0
368,1245,452,-1,0
369,1246,451,1,0
370,1245,452,-1,0
371,1246,451,1,0
372,1245,452,-1,0
373,1246,451,1,0
374,1245,452,-1,0
375,1246,451,1,0
376,1245,452,-1,0
377,1246,451,1,0
378,1245,452,-1,0
379,1246,451,1,0
380,1245,452,-1,0
381,1246,451,1,0
382,1245,452,-1,0
383,1246,451,1,0
384,1245,452,-1,0
385,1246,451,1,0
386,1245,452,-1,0
387,1246,451,1,0
388,1245,452,-1,0
389,1246,451,1,0
390,1245,452,-1,0
391,1246,451,1,0
392,1245,452,-1,0
393,1246,451,1,0
394,1245,452,-1,0
395,1246,451,1,0
396,1245,452,-1,0
397,1246,451,1,0
398,1245,452,-1,0
399,1246,451,1,0
400,1245,452,-1,0
401,1246,451,1,0
402,1245,452,-1,0
403,1246,451,1,0
404,1245,452,-1,0
405,1246,451,1,0
406,1245,452,-1,0
407,1246,451,1,0
408,1245,452,-1,0
409,1246,451,1,0
410,1245,452,-1,0
411,1246,451,1,0
412,1247,452,1,0
413,1250,451,3,0
414,1249,452,-1,0
415,1250,451,1,0
416,1249,452,-1,0
417,1250,451,1,0
418,1249,452,-1,0
419,1250,451,1,0
420,1249,452,-1,0
421,1250,451,1,0
422,1249,452,-1,0
423,1250,451,1,0
424,1249,452,-1,0
425,1250,451,1,0
426,1249,452,-1,0
427,1250,451,1,0
428,1249,452,-1,0
429,1250,451,1,0
430,1249,452,-1,0
431,1250,451,1,0
432,1249,452,-1,0
433,1250,451,1,0
434,1249,452,-1,0
435,1250,451,1,0
436,1249,452,-1,0
437,1250,451,1,0
438,1249,452,-1,0
439,1250,451,1,0
440,1249,452,-1,0
441,1250,451,1,0
442,1249,452,-1,0
443,1250,451,1,0
444,1249,452,-1,0
445,1250,451,1,0
446,1249,452,-1,0
447,1250,451,1,0
448,1249,452,-1,0
449,1250,451,1,0
450,1249,452,-1,0
451,1250,451,1,0
452,1249,452,-1,0
453,1250,451,1,0
454,1249,452,-1,0
455,1248,449,-1,0
456,1247,450,-1,0
457,1248,449,1,0
458,1247,448,-1,0
459,1248,447,1,0
460,1247,448,-1,0
461,1248,447,1,0
462,1247,448,-1,0
463,1248,447,1,0
464,1247,448,-1,0
465,1248,447,1,0
466,1247,448,-1,0
467,1248,447,1,0
468,1247,448,-1,0
469,1248,447,1,0
470,1247,448,-1,0
471,1248,447,1,0
472,1247,448,-1,0
473,1248,447,1,0
474,1249,448,1,0
475,1250,447,1,0
476,1249,448,-1,0
477,1250,447,1,0
478,1249,448,-1,0
479,1250,447,1,0
480,1249,448,-1,0
481,1250,447,1,0
482,1249,448,-1,0
483,1250,447,1,0
484,1249,448,-1,0
485,1250,447,1,0
486,1249,448,-1,0
487,1250,447,1,0
488,1249,448,-1,0
489,1250,447,1,0
490,1249,448,-1,0
491,1250,447,1,0
492,1249,448,-1,0
493,1250,447,1,0
494,1249,448,-1,0
495,1250,447,1,0
496,1249,448,-1,0
497,1250,447,1,0
498,1249,448,-1,0
499,1250,447,1,0
500,1249,448,-1,0
501,1250,447,1,0
502,1249,448,-1,0
503,1250,447,1,0
504,1249,448,-1,0
505,1250,447,1,0
506,1249,448,-1,0
507,1250,447,1,0
508,1249,448,-1,0
509,1250,447,1,0
510,1249,448,-1,0
511,1250,447,1,0
512,1249,448,-1,0
513,1250,447,1,0
514,1249,448,-1,0
515,1250,447,1,0
516,1249,448,-1,0
517,1250,447,1,0
518,1249,448,-1,0
519,1250,447,1,0
520,1249,448,-1,0
521,1250,447,1,0
522,1249,448,-1,0
523,1250,447,1,0
524,1249,448,-1,0
525,1250,447,1,0
526,1249,448,-1,0
527,1250,447,1,0
528,1249,448,-1,0
529,1250,447,1,0
530,1249,448,-1,0
531,1250,447,1,0
532,1249,448,-1,0
533,1250,447,1,0
534,1249,448,-1,0
535,1250,447,1,0
536,1249,448,-1,0
537,1250,447,1,0
538,1249,448,-1,0
539,1250,447,1,0
540,1249,448,-1,0
541,1250,447,1,0
542,1249,448,-1,0
543,1250,447,1,0
544,1249,448,-1,0
545,1250,447,1,0
546,1249,448,-1,0
547,1250,447,1,0
548,1249,448,-1,0
549,1250,447,1,0
550,1249,448,-1,0
551,1250,447,1,0
552,1249,448,-1,0
553,1250,447,1,0
554,1249,448,-1,0
555,1250,447,1,0
556,1249,448,-1,0
557,1250,447,1,0
558,1249,448,-1,0
559,1250,447,1,0
560,1249,448,-1,0
561,1250,447,1,0
562,1249,448,-1,0
563,1250,447,1,0
564,1249,448,-1,0
565,1250,447,1,0
566,1249,448,-1,0
567,1250,447,1,0
568,1249,448,-1,0
569,1250,447,1,0
570,1249,448,-1,0
571,1250,447,1,0
572,1249,448,-1,0
573,1250,447,1,0
574,1249,448,-1,0
575,1250,447,1,0
576,1249,448,-1,0
577,1250,447,1,0
578,1249,448,-1,0
579,1250,447,1,0
580,1249,448,-1,0
581,1250,447,1,0
582,1249,448,-1,0
583,1250,447,1,0
584,1249,448,-1,0
585,1250,447,1,0
586,1249,448,-1,0
587,1250,447,1,0
588,1249,448,-1,0
589,1250,447,1,0
590,1249,448,-1,0
591,1250,447,1,0
592,1249,448,-1,0
593,1250,447,1,0
594,1249,448,-1,0
595,1250,447,1,0
596,1249,448,-1,0
597,1250,447,1,0
598,1249,448,-1,0
599,1250,447,1,0
600,1249,448,-1,0
601,1250,447,1,0
602,1249,448,-1,0
603,1250,447,1,0
604,1249,448,-1,0
605,1250,447,1,0
606,1249,448,-1,0
607,1250,447,1,0
608,1249,448,-1,0
609,1250,447,1,0
610,1249,448,-1,0
611,1250,447,1,0
612,1249,448,-1,0
613,1250,447,1,0
614,1249,448,-1,0
615,1250,447,1,0
616,1249,448,-1,0
617,1250,447,1,0
618,1249,448,-1,0
619,1250,447,1,0
620,1249,448,-1,0
621,1250,447,1,0
622,1249,448,-1,0
623,1250,447,1,0
624,1249,448,-1,0
625,1250,447,1,0
626,1249,448,-1,0
627,1250,447,1,0
628,1249,448,-1,0
629,1250,447,1,0
630,1249,448,-1,0
631,1250,447,1,0
632,1249,448,-1,0
633,1250,447,1,0
634,1249,448,-1,0
635,1250,447,1,0
636,1249,448,-1,0
637,1250,447,1,0
638,1249,448,-1,0
639,1250,447,1,0
640,1249,448,-1,0
641,1250,447,1,0
642,1249,448,-1,0
643,1250,447,1,0
644,1249,448,-1,0
645,1250,447,1,0
646,1249,448,-1,0
647,1250,447,1,0
648,1249,448,-1,0
649,1250,447,1,0
650,1249,448,-1,0
651,1250,447,1,0
652,1249,448,-1,0
653,1250,447,1,0
654,1249,448,-1,0
655,1250,447,1,0
656,1249,448,-1,0
657,1250,447,1,0
658,1249,448,-1,0
659,1250,447,1,0
660,1249,448,-1,0
661,1250,447,1,0
662,1249,448,-1,0
663,1250,447,1,0
664,1249,448,-1,0
665,1250,447,1,0
666,1249,448,-1,0
667,1250,447,1,0
668,1249,448,-1,0
669,1250,447,1,0
670,1249,448,-1,0
671,1250,447,1,0
672,1249,448,-1,0
673,1250,447,1,0
674,1249,448,-1,0
675,1250,447,1,0
676,1249,448,-1,0
677,1250,447,1,0
678,1249,448,-1,0
679,1250,447,1,0
680,1249,448,-1,0
681,1250,447,1,0
682,1249,448,-1,0
683,1250,447,1,0
684,1249,448,-1,0
685,1250,447,1,0
686,1249,448,-1,0
687,1250,447,1,0
688,1249,448,-1,0
689,1250,447,1,0
690,1249,448,-1,0
691,1250,447,1,0
692,1249,448,-1,0
693,1250,447,1,0
694,1249,448,-1,0
695,1250,447,1,0
696,1249,448,-1,0
697,1250,447,1,0
698,1249,448,-1,0
699,1250,447,1,0
700,1249,448,-1,0
701,1250,447,1,0
702,1249,448,-1,0
703,1250,447,1,0
704,1249,448,-1,0
705,1250,447,1,0
706,1249,448,-1,0
707,1250,447,1,0
708,1249,448,-1,0
709,1250,447,1,0
710,1249,448,-1,0
711,1250,447,1,0
712,1249,448,-1,0
713,1250,447,1,0
714,1249,448,-1,0
715,1250,447,1,0
716,1249,448,-1,0
717,1250,447,1,0
718,1249,448,-1,0
719,1250,447,1,0
720,1249,448,-1,0
721,1250,447,1,0
722,1249,448,-1,0
723,1250,447,1,0
724,1249,448,-1,0
725,1250,447,1,0
726,1249,448,-1,0
727,1250,447,1,0
728,1249,448,-1,0
729,1250,447,1,0
730,1249,448,-1,0
731,1250,447,1,0
732,1249,448,-1,0
733,1250,447,1,0
734,1249,448,-1,0
735,1250,447,1,0
736,1249,448,-1,0
737,1250,447,1,0
738,1249,448,-1,0
739,1250,447,1,0
740,1249,448,-1,0
741,1250,447,1,0
742,1249,448,-1,0
743,1250,447,1,0
744,1249,448,-1,0
745,1250,447,1,0
746,1249,448,-1,0
747,1250,447,1,0
748,1249,448,-1,0
749,1250,447,1,0
750,1249,448,-1,0
751,1250,447,1,0
752,1249,448,-1,0
753,1250,447,1,0
754,1249,448,-1,0
755,1250,447,1,0
756,1249,448,-1,0
757,1250,447,1,0
758,1249,448,-1,0
759,1250,447,1,0
760,1249,448,-1,0
761,1250,447,1,0
762,1249,448,-1,0
763,1250,447,1,0
764,1249,448,-1,0
765,1250,447,1,0
766,1249,448,-1,0
767,1250,447,1,0
768,1249,448,-1,0
769,1250,447,1,0
770,1249,448,-1,0
771,1250,447,1,0
772,1249,448,-1,0
773,1250,447,1,0
774,1249,448,-1,0
775,1250,447,1,0
776,1249,448,-1,0
777,1250,447,1,0
778,1249,448,-1,0
779,1250,447,1,0
780,1249,448,-1,0
781,1250,447,1,0
782,1249,448,-1,0
783,1250,447,1,0
784,1249,448,-1,0
785,1250,447,1,0
786,1249,448,-1,0
787,1250,447,1,0
788,1249,448,-1,0
789,1250,447,1,0
790,1249,448,-1,0
791,1250,447,1,0
792,1249,448,-1,0
793,1250,447,1,0
794,1249,448,-1,0
795,1250,447,1,0
796,1249,448,-1,0
797,1250,447,1,0
798,1249,448,-1,0
799,1250,447,1,0
800,1249,448,-1,0
801,1250,447,1,0
802,1249,448,-1,0
803,1250,447,1,0
804,1249,448,-1,0
805,1250,447,1,0
806,1249,448,-1,0
807,1250,447,1,0
808,1249,448,-1,0
809,1250,447,1,0
810,1249,448,-1,0
811,1250,447,1,0
812,1249,448,-1,0
813,1250,447,1,0
814,1249,448,-1,0
815,1250,447,1,0
816,1249,448,-1,0
817,1250,447,1,0
818,1249,448,-1,0
819,1250,447,1,0
820,1249,448,-1,0
821,1250,447,1,0
822,1249,448,-1,0
823,1250,447,1,0
824,1249,448,-1,0
825,1250,447,1,0
826,1249,448,-1,0
827,1250,447,1,0
828,1249,448,-1,0
829,1250,447,1,0
830,1249,448,-1,0
831,1250,447,1,0
832,1251,448,1,0
833,1252,447,1,0
834,1251,448,-1,0
835,1252,447,1,0
836,1251,448,-1,0
837,1252,447,1,0
838,1251,448,-1,0
839,1252,447,1,0
840,1251,448,-1,0
841,1252,447,1,0
842,1251,448,-1,0
843,1252,447,1,0
844,1251,448,-1,0
845,1252,447,1,0
846,1251,448,-1,0
847,1252,447,1,0
848,1251,448,-1,0
849,1252,447,1,0
850,1251,448,-1,0
851,1252,447,1,0
852,1251,448,-1,0
853,1252,447,1,0
854,1251,448,-1,0
855,1252,447,1,0
856,1251,448,-1,0
857,1252,447,1,0
858,1251,448,-1,0
859,1252,447,1,0
860,1251,448,-1,0
861,1252,447,1,0
862,1251,448,-1,0
863,1252,447,1,0
864,1251,448,-1,0
865,1252,447,1,0
866,1251,448,-1,0
867,1252,447,1,0
868,1251,448,-1,0
869,1252,447,1,0
870,1251,448,-1,0
871,1252,447,1,0
872,1251,448,-1,0
873,1252,447,1,0
874,1251,448,-1,0
875,1252,447,1,0
876,1251,448,-1,0
877,1252,447,1,0
878,1251,448,-1,0
879,1252,447,1,0
880,1251,448,-1,0
881,1252,447,1,0
882,1251,448,-1,0
883,1252,447,1,0
884,1251,448,-1,0
885,1252,447,1,0
886,1251,448,-1,0
887,1252,447,1,0
888,1251,448,-1,0
889,1252,447,1,0
890,1251,448,-1,0
891,1252,447,1,0
892,1251,448,-1,0
893,1252,447,1,0
894,1251,448,-1,0
895,1252,447,1,0
896,1251,448,-1,0
897,1252,447,1,0
898,1251,448,-1,0
899,1252,447,1,0
900,1251,448,-1,0
901,1252,447,1,0
902,1251,448,-1,0
903,1252,447,1,0
904,1251,448,-1,0
905,1252,447,1,0
906,1251,448,-1,0
907,1252,447,1,0
908,1251,448,-1,0
909,1252,447,1,0
910,1251,448,-1,0
911,1252,447,1,0
912,1251,448,-1,0
913,1252,447,1,0
914,1251,448,-1,0
915,1252,447,1,0
916,1251,448,-1,0
917,1252,447,1,0
918,1251,448,-1,0
919,1252,447,1,0
920,1251,448,-1,0
921,1252,447,1,0
922,1251,448,-1,0
923,1252,447,1,0
924,1251,448,-1,0
925,1252,447,1,0
926,1251,448,-1,0
927,1252,447,1,0
928,1251,448,-1,0
929,1252,447,1,0
930,1251,448,-1,0
931,1252,447,1,0
932,1251,448,-1,0
933,1252,447,1,0
934,1251,448,-1,0
935,1252,447,1,0
936,1251,448,-1,0
937,1252,447,1,0
938,1251,448,-1,0
939,1252,447,1,0
940,1251,448,-1,0
941,1252,447,1,0
942,1251,448,-1,0
943,1252,447,1,0
944,1251,448,-1,0
945,1252,447,1,0
946,1251,448,-1,0
947,1252,447,1,0
948,1251,448,-1,0
949,1252,447,1,0
950,1251,448,-1,0
951,1252,447,1,0
952,1251,448,-1,0
953,1252,447,1,0
954,1251,448,-1,0
955,1252,447,1,0
956,1251,448,-1,0
957,1252,447,1,0
958,1251,448,-1,0
959,1252,447,1,0
960,1251,448,-1,0
961,1252,447,1,0
962,1251,448,-1,0
963,1252,447,1,0
964,1251,448,-1,0
965,1252,447,1,0
966,1251,448,-1,0
967,1252,447,1,0
968,1251,448,-1,0
969,1252,447,1,0
970,1251,448,-1,0
971,1252,447,1,0
972,1251,448,-1,0
973,1252,447,1,0
974,1251,448,-1,0
975,1252,447,1,0
976,1251,448,-1,0
977,1252,447,1,0
978,1251,448,-1,0
979,1252,447,1,0
980,1251,448,-1,0
981,1252,447,1,0
982,1251,448,-1,0
983,1252,447,1,0
984,1251,448,-1,0
985,1252,447,1,0
986,1251,448,-1,0
987,1252,447,1,0
988,1251,448,-1,0
989,1252,447,1,0
990,1251,448,-1,0
991,1252,447,1,0
992,1251,448,-1,0
993,1252,447,1,0
994,1251,448,-1,0
995,1252,447,1,0
996,1251,448,-1,0
997,1252,447,1,0
998,1251,448,-1,0
999,1252,447,1,0
1000,1251,448,-1,0
1001,1252,447,1,0
1002,1251,448,-1,0
1003,1252,447,1,0
1004,1251,448,-1,0
1005,1252,447,1,0
1006,1251,448,-1,0
1007,1252,447,1,0
1008,1251,448,-1,0
1009,1252,447,1,0
1010,1251,448,-1,0
1011,1252,447,1,0
1012,1251,448,-1,0
1013,1252,447,1,0
1014,1251,448,-1,0
1015,1252,447,1,0
1016,1251,448,-1,0
1017,1252,447,1,0
1018,1251,448,-1,0
1019,1252,447,1,0
1020,1251,448,-1,0
1021,1252,447,1,0
1022,1251,448,-1,0
1023,1252,447,1,0
1024,1251,448,-1,0
1025,1252,447,1,0
1026,1251,448,-1,0
1027,1252,447,1,0
1028,1251,448,-1,0
1029,1252,447,1,0
1030,1251,448,-1,0
1031,1252,447,1,0
1032,1251,448,-1,0
1033,1252,447,1,0
1034,1251,448,-1,0
1035,1252,447,1,0
1036,1251,448,-1,0
1037,1252,447,1,0
1038,1251,448,-1,0
1039,1252,447,1,0
1040,1251,448,-1,0
1041,1252,447,1,0
1042,1251,448,-1,0
1043,1252,447,1,0
1044,1251,448,-1,0
1045,1252,447,1,0
1046,1251,448,-1,0
1047,1252,447,1,0
1048,1251,448,-1,0
1049,1252,447,1,0
1050,1251,448,-1,0
1051,1252,447,1,0
1052,1251,448,-1,0
1053,1252,447,1,0
1054,1251,448,-1,0
1055,1252,447,1,0
1056,1251,448,-1,0
1057,1252,447,1,0
1058,1251,448,-1,0
1059,1252,447,1,0
1060,1251,448,-1,0
1061,1252,447,1,0
1062,1251,448,-1,0
1063,1252,447,1,0
1064,1251,448,-1,0
1065,1252,447,1,0
1066,1251,448,-1,0
1067,1252,447,1,0
1068,1251,448,-1,0
1069,1252,447,1,0
1070,1251,448,-1,0
1071,1252,447,1,0
1072,1251,448,-1,0
1073,1252,447,1,0
1074,1251,448,-1,0
1075,1252,447,1,0
1076,1251,448,-1,0
1077,1252,447,1,0
1078,1251,448,-1,0
1079,1252,447,1,0
1080,1251,448,-1,0
1081,1252,447,1,0
1082,1251,448,-1,0
1083,1252,447,1,0
1084,1251,448,-1,0
1085,1252,447,1,0
1086,1251,448,-1,0
1087,1252,447,1,0
1088,1251,448,-1,0
1089,1252,447,1,0
1090,1251,448,-1,0
1091,1252,447,1,0
1092,1251,448,-1,0
1093,1252,447,1,0
1094,1251,448,-1,0
1095,1252,447,1,0
1096,1251,448,-1,0
1097,1252,447,1,0
1098,1251,448,-1,0
1099,1252,447,1,0
1100,1251,448,-1,0
1101,1252,447,1,0
1102,1251,448,-1,0
1103,1252,447,1,0
1104,1251,448,-1,0
1105,1252,447,1,0
1106,1251,448,-1,0
1107,1252,447,1,0
1108,1251,448,-1,0
1109,1252,447,1,0
1110,1251,448,-1,0
1111,1252,447,1,0
1112,1251,448,-1,0
1113,1252,447,1,0
1114,1251,448,-1,0
1115,1252,447,1,0
1116,1251,448,-1,0
1117,1252,447,1,0
1118,1251,448,-1,0
1119,1252,447,1,0
1120,1251,448,-1,0
1121,1252,447,1,0
1122,1251,448,-1,0
1123,1252,447,1,0
1124,1251,448,-1,0
1125,1252,447,1,0
1126,1251,448,-1,0
1127,1252,447,1,0
1128,1251,448,-1,0
1129,1252,447,1,0
1130,1251,448,-1,0
1131,1252,447,1,0
1132,1251,448,-1,0
1133,1252,447,1,0
1134,1251,448,-1,0
1135,1252,447,1,0
1136,1251,448,-1,0
1137,1252,447,1,0
1138,1251,448,-1,0
1139,1252,447,1,0
1140,1251,448,-1,0
1141,1252,447,1,0
1142,1251,448,-1,0
1143,1252,447,1,0
1144,1251,448,-1,0
1145,1252,447,1,0
1146,1251,448,-1,0
1147,1252,447,1,0
1148,1251,448,-1,0
1149,1252,447,1,0
1150,1251,448,-1,0
1151,1252,447,1,0
1152,1251,448,-1,0
1153,1252,447,1,0
1154,1251,448,-1,0
1155,1252,447,1,0
1156,1251,448,-1,0
1157,1252,447,1,0
1158,1251,448,-1,0
1159,1252,447,1,0
1160,1251,448,-1,0
1161,1252,447,1,0
1162,1251,448,-1,0
1163,1252,447,1,0
1164,1251,448,-1,0
1165,1252,447,1,0
1166,1251,448,-1,0
1167,1252,447,1,0
1168,1251,448,-1,0
1169,1252,447,1,0
1170,1251,448,-1,0
1171,1252,447,1,0
1172,1251,448,-1,0
1173,1252,447,1,0
1174,1251,448,-1,0
1175,1252,447,1,0
1176,1251,448,-1,0
1177,1252,447,1,0
1178,1251,448,-1,0
1179,1252,447,1,0
1180,1251,448,-1,0
1181,1252,447,1,0
1182,1251,448,-1,0
1183,1252,447,1,0
1184,1251,448,-1,0
1185,1252,447,1,0
1186,1251,448,-1,0
1187,1252,447,1,0
1188,1251,448,-1,0
1189,1252,447,1,0
1190,1251,448,-1,0
1191,1252,447,1,0
1192,1251,448,-1,0
1193,1252,447,1,0
1194,1251,448,-1,0
1195,1252,447,1,0
1196,1251,448,-1,0
1197,1252,447,1,0
1198,1251,448,-1,0
1199,1252,447,1,0
1200,1251,448,-1,0
1201,1252,447,1,0
1202,1251,448,-1,0
1203,1252,447,1,0
1204,1251,448,-1,0
1205,1252,447,1,0
1206,1251,448,-1,0
1207,1252,447,1,0
1208,1251,448,-1,0
1209,1252,447,1,0
1210,1251,448,-1,0
1211,1252,447,1,0
1212,1251,448,-1,0
1213,1252,447,1,0
1214,1251,448,-1,0
1215,1252,447,1,0
1216,1251,448,-1,0
1217,1252,447,1,0
1218,1251,448,-1,0
1219,1252,447,1,0
1220,1251,448,-1,0
1221,1252,447,1,0
1222,1251,448,-1,0
1223,1252,447,1,0
1224,1251,448,-1,0
1225,1252,447,1,0
1226,1251,448,-1,0
1227,1252,447,1,0
1228,1251,448,-1,0
1229,1252,447,1,0
1230,1251,448,-1,0
1231,1252,447,1,0
1232,1251,448,-1,0
1233,1252,447,1,0
1234,1251,448,-1,0
1235,1252,447,1,0
1236,1251,448,-1,0
1237,1252,447,1,0
1238,1251,448,-1,0
1239,1252,447,1,0
1240,1251,448,-1,0
1241,1252,447,1,0
1242,1251,448,-1,0
1243,1252,447,1,0
1244,1251,448,-1,0
1245,1252,447,1,0
1246,1251,448,-1,0
1247,1252,447,1,0
1248,1251,448,-1,0
1249,1252,447,1,0
1250,1251,448,-1,0
1251,1252,447,1,0
1252,1251,448,-1,0
1253,1252,447,1,0
1254,1251,448,-1,0
1255,1252,447,1,0
1256,1251,448,-1,0
1257,1252,447,1,0
1258,1251,448,-1,0
1259,1252,447,1,0
1260,1251,448,-1,0
1261,1252,447,1,0
1262,1251,448,-1,0
1263,1252,447,1,0
1264,1251,448,-1,0
1265,1252,447,1,0
1266,1251,448,-1,0
1267,1252,447,1,0
1268,1251,448,-1,0
1269,1252,447,1,0
1270,1251,448,-1,0
1271,1252,447,1,0
1272,1251,448,-1,0
1273,1252,447,1,0
1274,1251,448,-1,0
1275,1252,447,1,0
1276,1251,448,-1,0
1277,1252,447,1,0
1278,1251,448,-1,0
1279,1252,447,1,0
1280,1251,448,-1,0
1281,1252,447,1,0
1282,1251,448,-1,0
1283,1252,447,1,0
1284,1251,448,-1,0
1285,1252,447,1,0
1286,1251,448,-1,0
1287,1252,447,1,0
1288,1251,448,-1,0
1289,1252,447,1,0
1290,1251,448,-1,0
1291,1252,447,1,0
1292,1251,448,-1,0
1293,1252,447,1,0
1294,1251,448,-1,0
1295,1252,447,1,0
1296,1251,448,-1,0
1297,1252,447,1,0
1298,1251,448,-1,0
1299,1252,447,1,0
1300,1251,448,-1,0
1301,1252,447,1,0
1302,1251,448,-1,0
1303,1252,447,1,0
1304,1251,448,-1,0
1305,1252,447,1,0
1306,1251,448,-1,0
1307,1252,447,1,0
1308,1251,448,-1,0
1309,1252,447,1,0
1310,1251,448,-1,0
1311,1252,447,1,0
1312,1251,448,-1,0
1313,1252,447,1,0
1314,1251,448,-1,0
1315,1252,447,1,0
1316,1251,448,-1,0
1317,1252,447,1,0
1318,1251,448,-1,0
1319,1252,447,1,0
1320,1251,448,-1,0
1321,1252,447,1,0
1322,1251,448,-1,0
1323,1252,447,1,0
1324,1251,448,-1,0
1325,1252,447,1,0
1326,1251,448,-1,0
1327,1252,447,1,0
1328,1251,448,-1,0
1329,1252,447,1,0
1330,1251,448,-1,0
1331,1252,447,1,0
1332,1251,448,-1,0
1333,1252,447,1,0
1334,1251,448,-1,0
1335,1252,447,1,0
1336,1251,448,-1,0
1337,1252,447,1,0
1338,1251,448,-1,0
1339,1252,447,1,0
1340,1251,448,-1,0
1341,1252,447,1,0
1342,1251,448,-1,0
1343,1252,447,1,0
1344,1251,448,-1,0
1345,1252,447,1,0
1346,1251,448,-1,0
1347,1252,447,1,0
1348,1251,448,-1,0
1349,1252,447,1,0
1350,1251,448,-1,0
1351,1252,447,1,0
1352,1251,448,-1,0
1353,1252,447,1,0
1354,1251,448,-1,0
1355,1252,447,1,0
1356,1251,448,-1,0
1357,1252,447,1,0
1358,1251,448,-1,0
1359,1252,447,1,0
1360,1251,448,-1,0
1361,1252,447,1,0
1362,1251,448,-1,0
1363,1252,447,1,0
1364,1251,448,-1,0
1365,1252,447,1,0
1366,1251,448,-1,0
1367,1252,447,1,0
1368,1251,448,-1,0
1369,1252,447,1,0
1370,1251,448,-1,0
1371,1252,447,1,0
1372,1251,448,-1,0
1373,1252,447,1,0
1374,1251,448,-1,0
1375,1252,447,1,0
1376,1251,448,-1,0
1377,1252,447,1,0
1378,1251,448,-1,0
1379,1252,447,1,0
1380,1251,448,-1,0
1381,1252,447,1,0
1382,1251,448,-1,0
1383,1252,447,1,0
1384,1251,448,-1,0
1385,1252,447,1,0
1386,1251,448,-1,0
1387,1252,447,1,0
1388,1251,448,-1,0
1389,1252,447,1,0
1390,1251,448,-1,0
1391,1252,447,1,0
1392,1251,448,-1,0
1393,1252,447,1,0
1394,1251,448,-1,0
1395,1252,447,1,0
1396,1251,448,-1,0
1397,1252,447,1,0
1398,1251,448,-1,0
1399,1252,447,1,0
1400,1251,448,-1,0
1401,1252,447,1,0
1402,1251,448,-1,0
1403,1252,447,1,0
1404,1251,448,-1,0
1405,1252,447,1,0
1406,1251,448,-1,0
1407,1252,447,1,0
1408,1251,448,-1,0
1409,1252,447,1,0
1410,1251,448,-1,0
1411,1252,447,1,0
1412,1251,448,-1,0
1413,1252,447,1,0
1414,1251,448,-1,0
1415,1252,447,1,0
1416,1251,448,-1,0
1417,1252,447,1,0
1418,1251,448,-1,0
1419,1252,447,1,0
1420,1251,448,-1,0
1421,1252,447,1,0
1422,1251,448,-1,0
1423,1252,447,1,0
1424,1251,448,-1,0
1425,1252,447,1,0
1426,1251,448,-1,0
1427,1252,447,1,0
1428,1251,448,-1,0
1429,1252,447,1,0
1430,1251,448,-1,0
1431,1252,447,1,0
1432,1251,448,-1,0
1433,1252,447,1,0
1434,1251,448,-1,0
1435,1252,447,1,0
1436,1251,448,-1,0
1437,1252,447,1,0
1438,1251,448,-1,0
1439,1252,447,1,0
1440,1251,448,-1,0
1441,1252,447,1,0
1442,1251,448,-1,0
1443,1252,447,1,0
1444,1251,448,-1,0
1445,1252,447,1,0
1446,1251,448,-1,0
1447,1252,447,1,0
1448,1251,448,-1,0
1449,1252,447,1,0
1450,1251,448,-1,0
1451,1252,447,1,0
1452,1251,448,-1,0
1453,1252,447,1,0
1454,1251,448,-1,0
1455,1252,447,1,0
1456,1251,448,-1,0
1457,1252,447,1,0
1458,1251,448,-1,0
1459,1252,447,1,0
1460,1251,448,-1,0
1461,1252,447,1,0
1462,1251,448,-1,0
1463,1252,447,1,0
1464,1251,448,-1,0
1465,1252,447,1,0
1466,1251,448,-1,0
1467,1252,447,1,0
1468,1251,448,-1,0
1469,1252,447,1,0
1470,1251,448,-1,0
1471,1252,447,1,0
1472,1251,448,-1,0
1473,1252,447,1,0
1474,1251,448,-1,0
1475,1252,447,1,0
1476,1251,448,-1,0
1477,1252,447,1,0
1478,1251,448,-1,0
1479,1252,447,1,0
1480,1251,448,-1,0
1481,1252,447,1,0
1482,1251,448,-1,0
1483,1252,447,1,0
1484,1251,448,-1,0
1485,1252,447,1,0
1486,1251,448,-1,0
1487,1252,447,1,0
1488,1251,448,-1,0
1489,1252,447,1,0
1490,1251,448,-1,0
1491,1252,447,1,0
1492,1251,448,-1,0
1493,1252,447,1,0
1494,1251,448,-1,0
1495,1252,447,1,0
1496,1251,448,-1,0
1497,1252,447,1,0
1498,1251,448,-1,0
1499,1252,447,1,0
1500,1251,448,-1,0
1501,1252,447,1,0
1502,1251,448,-1,0
1503,1252,447,1,0
1504,1251,448,-1,0
1505,1252,447,1,0
1506,1251,448,-1,0
1507,1252,447,1,0
1508,1251,448,-1,0
1509,1252,447,1,0
1510,1251,448,-1,0
1511,1252,447,1,0
1512,1251,448,-1,0
1513,1252,447,1,0
1514,1251,448,-1,0
1515,1252,447,1,0
1516,1251,448,-1,0
1517,1252,447,1,0
1518,1251,448,-1,0
1519,1252,447,1,0
1520,1251,448,-1,0
1521,1252,447,1,0
1522,1251,448,-1,0
1523,1252,447,1,0
1524,1251,448,-1,0
1525,1252,447,1,0
1526,1251,448,-1,0
1527,1252,447,1,0
1528,1251,448,-1,0
1529,1252,447,1,0
1530,1251,448,-1,0
1531,1252,447,1,0
1532,1251,448,-1,0
1533,1252,447,1,0
1534,1251,448,-1,0
1535,1252,447,1,0
1536,1251,448,-1,0
1537,1252,447,1,0
1538,1251,448,-1,0
1539,1252,447,1,0
1540,1251,448,-1,0
1541,1252,447,1,0
1542,1251,448,-1,0
1543,1252,447,1,0
1544,1251,448,-1,0
1545,1252,447,1,0
1546,1251,448,-1,0
1547,1252,447,1,0
1548,1251,448,-1,0
1549,1252,447,1,0
1550,1251,448,-1,0
1551,1252,447,1,0
1552,1251,448,-1,0
1553,1252,447,1,0
1554,1251,448,-1,0
1555,1252,447,1,0
1556,1251,448,-1,0
1557,1252,447,1,0
1558,1251,448,-1,0
1559,1252,447,1,0
1560,1251,448,-1,0
1561,1252,447,1,0
1562,1251,448,-1,0
1563,1252,447,1,0
1564,1251,448,-1,0
1565,1252,447,1,0
1566,1251,448,-1,0
1567,1252,447,1,0
1568,1251,448,-1,0
1569,1252,447,1,0
1570,1251,448,-1,0
1571,1252,447,1,0
1572,1251,448,-1,0
1573,1252,447,1,0
1574,1251,448,-1,0
1575,1252,447,1,0
1576,1251,448,-1,0
1577,1252,447,1,0
1578,1251,448,-1,0
1579,1252,447,1,0
1580,1251,448,-1,0
1581,1252,447,1,0
1582,1251,448,-1,0
1583,1252,447,1,0
1584,1251,448,-1,0
1585,1252,447,1,0
1586,1251,448,-1,0
1587,1252,447,1,0
1588,1251,448,-1,0
1589,1252,447,1,0
1590,1251,448,-1,0
1591,1252,447,1,0
1592,1251,448,-1,0
1593,1252,447,1,0
1594,1251,448,-1,0
1595,1252,447,1,0
1596,1251,448,-1,0
1597,1252,447,1,0
1598,1251,448,-1,0
1599,1252,447,1,0
1600,1251,448,-1,0
1601,1252,447,1,0
1602,1251,448,-1,0
1603,1252,447,1,0
1604,1251,448,-1,0
1605,1252,447,1,0
1606,1251,448,-1,0
1607,1252,447,1,0
1608,1251,448,-1,0
1609,1252,447,1,0
1610,1251,448,-1,0
1611,1252,447,1,0
1612,1251,448,-1,0
1613,1252,447,1,0
1614,1251,448,-1,0
1615,1252,447,1,0
1616,1251,448,-1,0
1617,1252,447,1,0
1618,1251,448,-1,0
1619,1252,447,1,0
1620,1251,448,-1,0
1621,1252,447,1,0
1622,1251,448,-1,0
1623,1252,447,1,0
1624,1251,448,-1,0
1625,1252,447,1,0
1626,1251,448,-1,0
1627,1252,447,1,0
1628,1251,448,-1,0
1629,1252,447,1,0
1630,1251,448,-1,0
1631,1252,447,1,0
1632,1251,448,-1,0
1633,1252,447,1,0
1634,1251,448,-1,0
1635,1252,447,1,0
1636,1251,448,-1,0
1637,1252,447,1,0
1638,1251,448,-1,0
1639,1252,447,1,0
1640,1251,448,-1,0
1641,1252,447,1,0
1642,1251,448,-1,0
1643,1252,447,1,0
1644,1251,448,-1,0
1645,1252,447,1,0
1646,1251,448,-1,0
1647,1252,447,1,0
1648,1251,448,-1,0
1649,1252,447,1,0
1650,1251,448,-1,0
1651,1252,447,1,0
1652,1251,448,-1,0
1653,1252,447,1,0
1654,1251,448,-1,0
1655,1252,447,1,0
1656,1251,448,-1,0
1657,1252,447,1,0
1658,1251,448,-1,0
1659,1252,447,1,0
1660,1251,448,-1,0
1661,1252,447,1,0
1662,1251,448,-1,0
1663,1252,447,1,0
1664,1251,448,-1,0
1665,1252,447,1,0
1666,1251,448,-1,0
1667,1252,447,1,0
1668,1251,448,-1,0
1669,1252,447,1,0
1670,1251,448,-1,0
1671,1252,447,1,0
1672,1251,448,-1,0
1673,1252,447,1,0
1674,1251,448,-1,0
1675,1252,447,1,0
1676,1251,448,-1,0
1677,1252,447,1,0
1678,1251,448,-1,0
1679,1252,447,1,0
1680,1251,448,-1,0
1681,1252,447,1,0
1682,1251,448,-1,0
1683,1252,447,1,0
1684,1251,448,-1,0
1685,1252,447,1,0
1686,1251,448,-1,0
1687,1252,447,1,0
1688,1251,448,-1,0
1689,1252,447,1,0
1690,1251,448,-1,0
1691,1252,447,1,0
1692,1251,448,-1,0
1693,1252,447,1,0
1694,1251,448,-1,0
1695,1252,447,1,0
1696,1251,448,-1,0
1697,1252,447,1,0
1698,1251,448,-1,0
1699,1252,447,1,0
1700,1251,448,-1,0
1701,1252,447,1,0
1702,1251,448,-1,0
1703,1252,447,1,0
1704,1251,448,-1,0
1705,1252,447,1,0
1706,1251,448,-1,0
1707,1252,447,1,0
1708,1251,448,-1,0
1709,1252,447,1,0
1710,1251,448,-1,0
1711,1252,447,1,0
1712,1251,448,-1,0
1713,1252,447,1,0
1714,1251,448,-1,0
1715,1252,447,1,0
1716,1251,448,-1,0
1717,1252,447,1,0
1718,1251,448,-1,0
1719,1252,447,1,0
1720,1251,448,-1,0
1721,1252,447,1,0
1722,1251,448,-1,0
1723,1252,447,1,0
1724,1251,448,-1,0
1725,1252,447,1,0
1726,1251,448,-1,0
1727,1252,447,1,0
1728,1251,448,-1,0
1729,1252,447,1,0
1730,1251,448,-1,0
1731,1252,447,1,0
1732,1251,448,-1,0
1733,1252,447,1,0
1734,1251,448,-1,0
1735,1252,447,1,0
1736,1251,448,-1,0
1737,1252,447,1,0
1738,1251,448,-1,0
1739,1252,447,1,0
1740,1251,448,-1,0
1741,1252,447,1,0
1742,1251,448,-1,0
1743,1252,447,1,0
1744,1251,448,-1,0
1745,1252,447,1,0
1746,1251,448,-1,0
1747,1252,447,1,0
1748,1251,448,-1,0
1749,1252,447,1,0
1750,1251,448,-1,0
1751,1252,447,1,0
1752,1251,448,-1,0
1753,1252,447,1,0
1754,1251,448,-1,0
1755,1252,447,1,0
1756,1251,448,-1,0
1757,1252,447,1,0
1758,1251,448,-1,0
1759,1252,447,1,0
1760,1251,448,-1,0
1761,1252,447,1,0
1762,1251,448,-1,0
1763,1252,447,1,0
1764,1251,448,-1,0
1765,1252,447,1,0
1766,1251,448,-1,0
1767,1252,447,1,0
1768,1251,448,-1,0
1769,1252,447,1,0
1770,1251,448,-1,0
1771,1252,447,1,0
1772,1251,448,-1,0
1773,1252,447,1,0
1774,1251,448,-1,0
1775,1252,447,1,0
1776,1251,448,-1,0
1777,1252,447,1,0
1778,1251,448,-1,0
1779,1252,447,1,0
1780,1251,448,-1,0
1781,1252,447,1,0
1782,1251,448,-1,0
1783,1252,447,1,0
1784,1251,448,-1,0
1785,1252,447,1,0
1786,1251,448,-1,0
1787,1252,447,1,0
1788,1251,448,-1,0
1789,1252,447,1,0
1790,1251,448,-1,0
1791,1252,447,1,0
1792,1251,448,-1,0
1793,1252,447,1,0
1794,1251,448,-1,0
1795,1252,447,1,0
1796,1251,448,-1,0
1797,1252,447,1,0
1798,1251,448,-1,0
1799,1252,447,1,0
1800,1251,448,-1,0
1801,1252,447,1,0
1802,1251,448,-1,0
1803,1252,447,1,0
1804,1251,448,-1,0
1805,1252,447,1,0
1806,1251,448,-1,0
1807,1252,447,1,0
1808,1251,448,-1,0
1809,1252,447,1,0
1810,1251,448,-1,0
1811,1252,447,1,0
1812,1251,448,-1,0
1813,1252,447,1,0
1814,1251,448,-1,0
1815,1252,447,1,0
1816,1251,448,-1,0
1817,1252,447,1,0
1818,1251,448,-1,0
1819,1252,447,1,0
1820,1251,448,-1,0
1821,1252,447,1,0
1822,1251,448,-1,0
1823,1252,447,1,0
1824,1251,448,-1,0
1825,1252,447,1,0
1826,1251,448,-1,0
1827,1252,447,1,0
1828,1251,448,-1,0
1829,1252,447,1,0
1830,1251,448,-1,0
1831,1252,447,1,0
1832,1251,448,-1,0
1833,1252,447,1,0
1834,1251,448,-1,0
1835,1252,447,1,0
1836,1251,448,-1,0
1837,1252,447,1,0
1838,1251,448,-1,0
1839,1252,447,1,0
1840,1251,448,-1,0
1841,1252,447,1,0
1842,1251,448,-1,0
1843,1252,447,1,0
1844,1251,448,-1,0
1845,1252,447,1,0
1846,1251,448,-1,0
1847,1252,447,1,0
1848,1251,448,-1,0
1849,1252,447,1,0
1850,1251,448,-1,0
1851,1252,447,1,0
1852,1251,448,-1,0
1853,1252,447,1,0
1854,1251,448,-1,0
1855,1252,447,1,0
1856,1251,448,-1,0
1857,1252,447,1,0
1858,1251,448,-1,0
1859,1252,447,1,0
1860,1251,448,-1,0
1861,1252,447,1,0
1862,1251,448,-1,0
1863,1252,447,1,0
1864,1251,448,-1,0
1865,1252,447,1,0
1866,1251,448,-1,0
1867,1252,447,1,0
1868,1251,448,-1,0
1869,1252,447,1,0
1870,1251,448,-1,0
1871,1252,447,1,0
1872,1251,448,-1,0
1873,1252,447,1,0
1874,1251,448,-1,0
1875,1252,447,1,0
1876,1251,448,-1,0
1877,1252,447,1,0
1878,1251,448,-1,0
1879,1252,447,1,0
1880,1251,448,-1,0
1881,1252,447,1,0
1882,1251,448,-1,0
1883,1252,447,1,0
1884,1251,448,-1,0
1885,1252,447,1,0
1886,1251,448,-1,0
1887,1252,447,1,0
1888,1251,448,-1,0
1889,1252,447,1,0
1890,1251,448,-1,0
1891,1252,447,1,0
1892,1251,448,-1,0
1893,1252,447,1,0
1894,1251,448,-1,0
1895,1252,447,1,0
1896,1251,448,-1,0
1897,1252,447,1,0
1898,1251,448,-1,0
1899,1252,447,1,0
1900,1251,448,-1,0
1901,1252,447,1,0
1902,1251,448,-1,0
1903,1252,447,1,0
1904,1251,448,-1,0
1905,1252,447,1,0
1906,1251,448,-1,0
1907,1252,447,1,0
1908,1251,448,-1,0
1909,1252,447,1,0
1910,1251,448,-1,0
1911,1252,447,1,0
1912,1251,448,-1,0
1913,1252,447,1,0
1914,1251,448,-1,0
1915,1252,447,1,0
1916,1251,448,-1,0
1917,1252,447,1,0
1918,1251,448,-1,0
1919,1252,447,1,0
1920,1251,448,-1,0
1921,1252,447,1,0
1922,1251,448,-1,0
1923,1252,447,1,0
1924,1251,448,-1,0
1925,1252,447,1,0
1926,1251,448,-1,0
1927,1252,447,1,0
1928,1251,448,-1,0
1929,1252,447,1,0
1930,1251,448,-1,0
1931,1252,447,1,0
1932,1251,448,-1,0
1933,1252,447,1,0
1934,1251,448,-1,0
1935,1252,447,1,0
1936,1251,448,-1,0
1937,1252,447,1,0
1938,1251,448,-1,0
1939,1252,447,1,0
1940,1251,448,-1,0
1941,1252,447,1,0
1942,1251,448,-1,0
1943,1252,447,1,0
1944,1251,448,-1,0
1945,1252,447,1,0
1946,1251,448,-1,0
1947,1252,447,1,0
1948,1251,448,-1,0
1949,1252,447,1,0
1950,1251,448,-1,0
1951,1252,447,1,0
1952,1251,448,-1,0
1953,1252,447,1,0
1954,1251,448,-1,0
1955,1252,447,1,0
1956,1251,448,-1,0
1957,1252,447,1,0
1958,1251,448,-1,0
1959,1252,447,1,0
1960,1251,448,-1,0
1961,1252,447,1,0
1962,1251,448,-1,0
1963,1252,447,1,0
1964,1251,448,-1,0
1965,1252,447,1,0
1966,1251,448,-1,0
1967,1252,447,1,0
1968,1251,448,-1,0
1969,1252,447,1,0
1970,1251,448,-1,0
1971,1252,447,1,0
1972,1251,448,-1,0
1973,1252,447,1,0
1974,1251,448,-1,0
1975,1252,447,1,0
1976,1251,448,-1,0
1977,1252,447,1,0
1978,1251,448,-1,0
1979,1252,447,1,0
1980,1251,448,-1,0
1981,1250,447,-1,0
1982,1249,448,-1,0
1983,1250,447,1,0
1984,1249,448,-1,0
1985,1248,447,-1,0
1986,1247,448,-1,0
1987,1248,447,1,0
1988,1245,448,-3,0
1989,1246,447,1,0
1990,1245,448,-1,0
1991,1246,447,1,0
1992,1245,448,-1,0
1993,1244,447,-1,0
1994,1243,448,-1,0
1995,1244,447,1,0
1996,1241,448,-3,0
1997,1240,447,-1,0
1998,1239,448,-1,0
1999,1238,447,-1,0
2000,1237,448,-1,0
2001,1236,447,-1,0
2002,1235,448,-1,0
2003,1234,447,-1,0
2004,1233,448,-1,0
2005,1234,447,1,0
2006,1233,448,-1,0
2007,1232,447,-1,0
2008,1231,448,-1,0
2009,1228,447,-3,0
2010,1225,448,-3,0
2011,1222,447,-3,0
2012,1219,448,-3,0
2013,1216,447,-3,0
2014,1213,448,-3,0
2015,1210,447,-3,0
2016,1205,448,-5,0
2017,1204,447,-1,0
2018,1199,448,-5,0
2019,1196,447,-3,0
2020,1193,448,-3,0
2021,1190,447,-3,0
2022,1187,448,-3,0
2023,1184,447,-3,0
2024,1181,448,-3,0
2025,1178,447,-3,0
2026,1175,448,-3,0
2027,1174,447,-1,0
2028,1171,448,-3,0
2029,1168,447,-3,0
2030,1165,448,-3,0
2031,1164,447,-1,0
2032,1161,448,-3,0
2033,1158,447,-3,0
2034,1155,448,-3,0
2035,1152,447,-3,0
2036,1149,448,-3,0
2037,1146,447,-3,0
2038,1143,448,-3,0
2039,1140,447,-3,0
2040,1135,448,-5,0
2041,1132,447,-3,0
2042,1129,448,-3,0
2043,1126,447,-3,0
2044,1123,448,-3,0
2045,1122,447,-1,0
2046,1119,448,-3,0
2047,1118,447,-1,0
2048,1115,448,-3,0
2049,1114,447,-1,0
2050,1111,448,-3,0
2051,1108,447,-3,0
2052,1105,448,-3,0
2053,1104,447,-1,0
2054,1101,448,-3,0
2055,1100,447,-1,0
2056,1097,448,-3,0
2057,1096,447,-1,0
2058,1093,448,-3,0
2059,1092,447,-1,0
2060,1091,448,-1,0
2061,1090,447,-1,0
2062,1089,448,-1,0
2063,1088,447,-1,0
2064,1087,448,-1,0
2065,1086,447,-1,0
2066,1083,448,-3,0
2067,1080,447,-3,0
2068,1077,448,-3,0
2069,1076,447,-1,0
2070,1073,448,-3,0
2071,1072,447,-1,0
2072,1069,448,-3,0
2073,1070,447,1,0
2074,1067,448,-3,0
2075,1066,447,-1,0
2076,1065,448,-1,0
2077,1066,447,1,0
2078,1063,448,-3,0
2079,1064,447,1,0
2080,1063,448,-1,0
2081,1062,447,-1,0
2082,1061,448,-1,0
2083,1062,447,1,0
2084,1061,448,-1,0
2085,1062,447,1,0
2086,1061,448,-1,0
2087,1062,447,1,0
2088,1061,448,-1,0
2089,1062,447,1,0
2090,1061,448,-1,0
2091,1062,447,1,0
2092,1061,448,-1,0
2093,1062,447,1,0
2094,1061,448,-1,0
2095,1062,447,1,0
2096,1063,448,1,0
2097,1064,447,1,0
2098,1063,448,-1,0
2099,1064,447,1,0
2100,1065,448,1,0
2101,1066,447,1,0
2102,1067,448,1,0
2103,1072,447,5,0
2104,1073,448,1,0
2105,1076,447,3,0
2106,1077,448,1,0
2107,1078,447,1,0
2108,1079,448,1,0
2109,1080,447,1,0
2110,1079,448,-1,0
2111,1080,447,1,0
2112,1079,448,-1,0
2113,1080,447,1,0
2114,1079,448,-1,0
2115,1078,447,-1,0
2116,1077,448,-1,0
2117,1076,447,-1,0
2118,1073,448,-3,0
2119,1070,447,-3,0
2120,1067,448,-3,0
2121,1066,447,-1,0
2122,1063,448,-3,0
2123,1060,447,-3,0
2124,1057,448,-3,0
2125,1054,447,-3,0
2126,1051,448,-3,0
2127,1050,447,-1,0
2128,1047,448,-3,0
2129,1046,447,-1,0
2130,1043,448,-3,0
2131,1040,447,-3,0
2132,1037,448,-3,0
2133,1036,447,-1,0
2134,1035,448,-1,0
2135,1036,447,1,0
2136,1035,448,-1,0
2137,1036,447,1,0
2138,1035,448,-1,0
2139,1036,447,1,0
2140,1037,448,1,0
2141,1038,447,1,0
2142,1037,448,-1,0
2143,1036,447,-1,0
2144,1035,448,-1,0
2145,1036,447,1,0
2146,1035,448,-1,0
2147,1036,447,1,0
2148,1035,448,-1,0
2149,1036,447,1,0
2150,1035,448,-1,0
2151,1036,447,1,0
2152,1035,448,-1,0
2153,1036,447,1,0
2154,1035,448,-1,0
2155,1038,447,3,0
2156,1039,448,1,0
2157,1040,447,1,0
2158,1041,448,1,0
2159,1042,447,1,0
2160,1041,448,-1,0
2161,1042,447,1,0
2162,1041,446,-1,0
2163,1042,445,1,0
2164,1041,446,-1,0
2165,1042,445,1,0
2166,1043,446,1,0
2167,1044,445,1,0
2168,1043,446,-1,0
2169,1044,445,1,0
2170,1045,446,1,0
2171,1046,445,1,0
2172,1045,446,-1,0
2173,1046,445,1,0
2174,1045,446,-1,0
2175,1046,445,1,0
2176,1045,446,-1,0
2177,1046,445,1,0
2178,1045,446,-1,0
2179,1046,445,1,0
2180,1045,446,-1,0
2181,1046,445,1,0
2182,1045,446,-1,0
2183,1046,445,1,0
2184,1045,446,-1,0
2185,1046,445,1,0
2186,1045,446,-1,0
2187,1046,445,1,0
2188,1047,446,1,0
2189,1048,445,1,0
2190,1047,446,-1,0
2191,1048,445,1,0
2192,1047,446,-1,0
2193,1048,445,1,0
2194,1047,446,-1,0
2195,1048,445,1,0
2196,1047,446,-1,0
2197,1048,445,1,0
2198,1047,446,-1,0
2199,1048,445,1,0
2200,1047,446,-1,0
2201,1048,445,1,0
2202,1047,446,-1,0
2203,1048,445,1,0
2204,1047,446,-1,0
2205,1048,445,1,0
2206,1047,446,-1,0
2207,1048,445,1,0
2208,1047,446,-1,0
2209,1048,445,1,0
2210,1047,446,-1,0
2211,1048,445,1,0
2212,1047,446,-1,0
2213,1046,445,-1,0
2214,1045,446,-1,0
2215,1044,445,-1,0
2216,1041,446,-3,0
2217,1040,445,-1,0
2218,1039,446,-1,0
2219,1038,445,-1,0
2220,1035,446,-3,0
2221,1034,447,-1,0
2222,1033,446,-1,0
2223,1032,445,-1,0
2224,1029,446,-3,0
2225,1028,445,-1,0
2226,1025,448,-3,0
2227,1024,447,-1,0
2228,1021,448,-3,0
2229,1018,447,-3,0
2230,1015,448,-3,0
2231,1014,447,-1,0
2232,1011,448,-3,0
2233,1010,447,-1,0
2234,1009,448,-1,0
2235,1008,449,-1,0
2236,1005,450,-3,0
2237,1006,449,1,0
2238,1003,450,-3,0
2239,1002,449,-1,0
2240,1001,450,-1,0
2241,1000,449,-1,0
2242,997,450,-3,0
2243,996,449,-1,0
2244,995,450,-1,0
2245,1239,450,0,1
2246,1240,451,1,1
2247,1239,452,-1,1
2248,1240,449,1,1
2249,1239,450,-1,1
2250,1240,449,1,1
2251,1239,450,-1,1
2252,1240,449,1,1
2253,1239,450,-1,1
2254,1240,449,1,1
2255,1239,450,-1,1
2256,1240,449,1,1
2257,1239,450,-1,1
2258,1240,449,1,1
2259,1239,450,-1,1
2260,1240,449,1,1
2261,1239,450,-1,1
2262,1240,449,1,1
2263,1239,450,-1,1
2264,1240,449,1,1
2265,1239,450,-1,1
2266,1240,449,1,1
2267,1239,450,-1,1
2268,1240,449,1,1
2269,1239,450,-1,1
2270,1240,449,1,1
2271,1239,450,-1,1
2272,1240,449,1,1
2273,1239,450,-1,1
2274,1240,449,1,1
2275,1239,450,-1,1
2276,1240,449,1,1
2277,1239,450,-1,1
2278,1240,449,1,1
2279,1239,450,-1,1
2280,1240,449,1,1
2281,1239,450,-1,1
2282,1240,449,1,1
2283,1239,450,-1,1
2284,1240,449,1,1
2285,1239,450,-1,1
2286,1240,449,1,1
2287,1239,450,-1,1
2288,1240,449,1,1
2289,1239,450,-1,1
2290,1240,449,1,1
2291,1239,450,-1,1
2292,1240,449,1,1
2293,1239,450,-1,1
2294,1240,449,1,1
2295,1239,450,-1,1
2296,1240,449,1,1
2297,1239,450,-1,1
2298,1240,449,1,1
2299,1239,450,-1,1
2300,1240,449,1,1
2301,1239,450,-1,1
2302,1240,449,1,1
2303,1239,450,-1,1
2304,1240,449,1,1
2305,1239,450,-1,1
2306,1240,449,1,1
2307,1239,450,-1,1
2308,1240,449,1,1
2309,1239,450,-1,1
2310,1240,449,1,1
2311,1239,450,-1,1
2312,1240,449,1,1
2313,1239,450,-1,1
2314,1240,449,1,1
2315,1239,450,-1,1
2316,1240,449,1,1
2317,1239,450,-1,1
2318,1240,449,1,1
2319,1239,450,-1,1
2320,1240,449,1,1
2321,1239,450,-1,1
2322,1240,449,1,1
2323,1239,450,-1,1
2324,1240,449,1,1
2325,1239,450,-1,1
2326,1240,449,1,1
2327,1239,450,-1,1
2328,1240,449,1,1
2329,1239,450,-1,1
2330,1240,449,1,1
2331,1239,450,-1,1
2332,1240,449,1,1
2333,1239,450,-1,1
2334,1240,449,1,1
2335,1239,450,-1,1
2336,1240,449,1,1
2337,1239,450,-1,1
2338,1240,449,1,1
2339,1239,450,-1,1
2340,1240,449,1,1
2341,1239,450,-1,1
2342,1240,449,1,1
2343,1239,450,-1,1
2344,1240,449,1,1
2345,1239,450,-1,1
2346,1240,449,1,1
2347,1239,450,-1,1
2348,1240,449,1,1
2349,1239,450,-1,1
2350,1240,449,1,1
2351,1239,450,-1,1
2352,1240,449,1,1
2353,1239,450,-1,1
2354,1240,449,1,1
2355,1239,450,-1,1
2356,1240,449,1,1
2357,1239,450,-1,1
2358,1240,449,1,1
2359,1239,450,-1,1
2360,1240,449,1,1
2361,1239,450,-1,1
2362,1240,449,1,1
2363,1239,450,-1,1
2364,1240,449,1,1
2365,1239,450,-1,1
2366,1240,449,1,1
2367,1239,450,-1,1
2368,1240,449,1,1
2369,1239,450,-1,1
2370,1240,449,1,1
2371,1239,450,-1,1
2372,1240,449,1,1
2373,1239,450,-1,1
2374,1240,449,1,1
2375,1239,450,-1,1
2376,1240,449,1,1
2377,1239,450,-1,1
2378,1240,449,1,1
2379,1239,450,-1,1
2380,1240,449,1,1
2381,1239,450,-1,1
2382,1240,449,1,1
2383,1239,450,-1,1
2384,1240,449,1,1
2385,1239,450,-1,1
2386,1240,449,1,1
2387,1239,450,-1,1
2388,1240,449,1,1
2389,1239,450,-1,1
2390,1240,449,1,1
2391,1239,450,-1,1
2392,1240,449,1,1
2393,1239,450,-1,1
2394,1240,449,1,1
2395,1239,450,-1,1
2396,1240,449,1,1
2397,1239,450,-1,1
2398,1240,449,1,1
2399,1239,450,-1,1
2400,1240,449,1,1
2401,1239,450,-1,1
2402,1240,449,1,1
2403,1239,450,-1,1
2404,1240,449,1,1
2405,1239,450,-1,1
2406,1240,449,1,1
2407,1239,450,-1,1
2408,1240,449,1,1
2409,1239,450,-1,1
2410,1240,449,1,1
2411,1239,450,-1,1
2412,1240,449,1,1
2413,1239,450,-1,1
2414,1240,449,1,1
2415,1239,450,-1,1
2416,1240,449,1,1
2417,1239,450,-1,1
2418,1240,449,1,1
2419,1239,450,-1,1
2420,1240,449,1,1
2421,1239,450,-1,1
2422,1240,449,1,1
2423,1239,450,-1,1
2424,1240,449,1,1
2425,1239,450,-1,1
2426,1240,449,1,1
2427,1239,450,-1,1
2428,1240,449,1,1
2429,1239,450,-1,1
2430,1240,449,1,1
2431,1239,450,-1,1
2432,1240,449,1,1
2433,1239,450,-1,1
2434,1240,449,1,1
2435,1239,450,-1,1
2436,1240,449,1,1
2437,1239,450,-1,1
2438,1240,449,1,1
2439,1239,450,-1,1
2440,1240,449,1,1
2441,1239,450,-1,1
2442,1240,449,1,1
2443,1239,450,-1,1
2444,1240,449,1,1
2445,1239,450,-1,1
2446,1240,449,1,1
2447,1239,450,-1,1
2448,1240,449,1,1
2449,1239,450,-1,1
2450,1240,449,1,1
2451,1239,450,-1,1
2452,1240,449,1,1
2453,1239,450,-1,1
2454,1240,449,1,1
2455,1239,450,-1,1
2456,1240,449,1,1
2457,1239,450,-1,1
2458,1240,449,1,1
2459,1239,450,-1,1
2460,1240,449,1,1
2461,1239,450,-1,1
2462,1240,449,1,1
2463,1239,450,-1,1
2464,1240,449,1,1
2465,1239,450,-1,1
2466,1240,449,1,1
2467,1239,450,-1,1
2468,1240,449,1,1
2469,1239,450,-1,1
2470,1240,449,1,1
2471,1239,450,-1,1
2472,1240,449,1,1
2473,1239,450,-1,1
2474,1240,449,1,1
2475,1239,450,-1,1
2476,1240,449,1,1
2477,1239,450,-1,1
2478,1240,449,1,1
2479,1239,450,-1,1
2480,1240,449,1,1
2481,1239,450,-1,1
2482,1240,449,1,1
2483,1239,450,-1,1
2484,1240,449,1,1
2485,1239,450,-1,1
2486,1240,449,1,1
2487,1239,450,-1,1
2488,1240,449,1,1
2489,1239,450,-1,1
2490,1240,449,1,1
2491,1239,450,-1,1
2492,1240,449,1,1
2493,1239,450,-1,1
2494,1240,449,1,1
2495,1239,450,-1,1
2496,1240,449,1,1
2497,1239,450,-1,1
2498,1240,449,1,1
2499,1239,450,-1,1
2500,1240,449,1,1
2501,1239,450,-1,1
2502,1240,449,1,1
2503,1239,450,-1,1
2504,1240,449,1,1
2505,1239,450,-1,1
2506,1240,449,1,1
2507,1239,450,-1,1
2508,1240,449,1,1
2509,1239,450,-1,1
2510,1240,449,1,1
2511,1239,450,-1,1
2512,1240,449,1,1
2513,1239,450,-1,1
2514,1240,449,1,1
2515,1239,450,-1,1
2516,1240,449,1,1
2517,1239,450,-1,1
2518,1240,449,1,1
2519,1239,450,-1,1
2520,1240,449,1,1
2521,1239,450,-1,1
2522,1240,449,1,1
2523,1239,450,-1,1
2524,1240,449,1,1
2525,1239,450,-1,1
2526,1240,449,1,1
2527,1239,450,-1,1
2528,1240,449,1,1
2529,1239,450,-1,1
2530,1240,449,1,1
2531,1239,450,-1,1
2532,1240,449,1,1
2533,1239,450,-1,1
2534,1240,449,1,1
2535,1239,450,-1,1
2536,1240,449,1,1
2537,1239,450,-1,1
2538,1240,449,1,1
2539,1239,450,-1,1
2540,1240,449,1,1
2541,1239,450,-1,1
2542,1240,449,1,1
2543,1239,450,-1,1
2544,1240,449,1,1
2545,1239,450,-1,1
2546,1240,449,1,1
2547,1239,450,-1,1
2548,1240,449,1,1
2549,1239,450,-1,1
2550,1240,449,1,1
2551,1239,450,-1,1
2552,1240,449,1,1
2553,1239,450,-1,1
2554,1240,449,1,1
2555,1239,450,-1,1
2556,1240,449,1,1
2557,1239,450,-1,1
2558,1240,449,1,1
2559,1239,450,-1,1
2560,1240,449,1,1
2561,1239,450,-1,1
2562,1240,449,1,1
2563,1239,450,-1,1
2564,1240,449,1,1
2565,1239,450,-1,1
2566,1240,449,1,1
2567,1239,450,-1,1
2568,1240,449,1,1
2569,1239,450,-1,1
2570,1240,449,1,1
2571,1239,450,-1,1
2572,1240,449,1,1
2573,1239,450,-1,1
2574,1240,449,1,1
2575,1239,450,-1,1
2576,1240,449,1,1
2577,1239,450,-1,1
2578,1240,449,1,1
2579,1239,450,-1,1
2580,1240,449,1,1
2581,1239,450,-1,1
2582,1240,449,1,1
2583,1239,450,-1,1
2584,1240,449,1,1
2585,1239,450,-1,1
2586,1240,449,1,1
2587,1239,450,-1,1
2588,1240,449,1,1
2589,1239,450,-1,1
2590,1240,449,1,1
2591,1239,450,-1,1
2592,1240,449,1,1
2593,1239,450,-1,1
2594,1240,449,1,1
2595,1239,450,-1,1
2596,1240,449,1,1
2597,1239,450,-1,1
2598,1240,449,1,1
2599,1239,450,-1,1
2600,1240,449,1,1
2601,1239,450,-1,1
2602,1240,449,1,1
2603,1239,450,-1,1
2604,1240,449,1,1
2605,1239,450,-1,1
2606,1240,449,1,1
2607,1239,450,-1,1
2608,1240,449,1,1
2609,1239,450,-1,1
2610,1240,449,1,1
2611,1239,450,-1,1
2612,1240,449,1,1
2613,1239,450,-1,1
2614,1240,449,1,1
2615,1239,450,-1,1
2616,1240,449,1,1
2617,1239,450,-1,1
2618,1240,449,1,1
2619,1239,450,-1,1
2620,1240,449,1,1
2621,1239,450,-1,1
2622,1240,449,1,1
2623,1239,450,-1,1
2624,1240,449,1,1
2625,1239,450,-1,1
2626,1240,449,1,1
2627,1239,450,-1,1
2628,1240,449,1,1
2629,1239,450,-1,1
2630,1240,449,1,1
2631,1239,450,-1,1
2632,1240,449,1,1
2633,1239,450,-1,1
2634,1240,449,1,1
2635,1239,450,-1,1
2636,1240,449,1,1
2637,1239,450,-1,1
2638,1240,449,1,1
2639,1239,450,-1,1
2640,1240,449,1,1
2641,1239,450,-1,1
2642,1240,449,1,1
2643,1239,450,-1,1
2644,1240,449,1,1
2645,1239,450,-1,1
2646,1240,449,1,1
2647,1239,450,-1,1
2648,1240,449,1,1
2649,1239,450,-1,1
2650,1240,449,1,1
2651,1239,450,-1,1
2652,1240,449,1,1
2653,1239,450,-1,1
2654,1240,449,1,1
2655,1239,450,-1,1
2656,1240,449,1,1
2657,1239,450,-1,1
2658,1240,449,1,1
2659,1239,450,-1,1
2660,1240,449,1,1
2661,1239,450,-1,1
2662,1240,449,1,1
2663,1239,450,-1,1
2664,1240,449,1,1
2665,1239,450,-1,1
2666,1240,449,1,1
2667,1239,450,-1,1
2668,1240,449,1,1
2669,1239,450,-1,1
2670,1240,449,1,1
2671,1239,450,-1,1
2672,1240,449,1,1
2673,1239,450,-1,1
2674,1240,449,1,1
2675,1239,450,-1,1
2676,1240,449,1,1
2677,1239,450,-1,1
2678,1240,449,1,1
2679,1239,450,-1,1
2680,1240,449,1,1
2681,1239,450,-1,1
2682,1240,449,1,1
2683,1239,450,-1,1
2684,1240,449,1,1
2685,1239,450,-1,1
2686,1240,449,1,1
2687,1239,450,-1,1
2688,1240,449,1,1
2689,1239,450,-1,1
2690,1240,449,1,1
2691,1239,450,-1,1
2692,1240,449,1,1
2693,1239,450,-1,1
2694,1240,449,1,1
2695,1239,450,-1,1
2696,1240,449,1,1
2697,1239,450,-1,1
2698,1240,449,1,1
2699,1239,450,-1,1
2700,1240,449,1,1
2701,1239,450,-1,1
2702,1240,449,1,1
2703,1239,450,-1,1
2704,1240,449,1,1
2705,1239,450,-1,1
2706,1240,449,1,1
2707,1239,450,-1,1
2708,1240,449,1,1
2709,1239,450,-1,1
2710,1240,449,1,1
2711,1239,450,-1,1
2712,1240,449,1,1
2713,1239,450,-1,1
2714,1240,449,1,1
2715,1239,450,-1,1
2716,1240,449,1,1
2717,1239,450,-1,1
2718,1240,449,1,1
2719,1239,450,-1,1
2720,1240,449,1,1
2721,1239,450,-1,1
2722,1240,449,1,1
2723,1239,450,-1,1
2724,1240,449,1,1
2725,1239,450,-1,1
2726,1240,449,1,1
2727,1239,450,-1,1
2728,1240,449,1,1
2729,1239,450,-1,1
2730,1240,449,1,1
2731,1239,450,-1,1
2732,1240,449,1,1
2733,1239,450,-1,1
2734,1240,449,1,1
2735,1239,450,-1,1
2736,1240,449,1,1
2737,1239,450,-1,1
2738,1240,449,1,1
2739,1239,450,-1,1
2740,1240,449,1,1
2741,1239,450,-1,1
2742,1240,449,1,1
2743,1239,450,-1,1
2744,1240,449,1,1
2745,1239,450,-1,1
2746,1240,449,1,1
2747,1239,450,-1,1
2748,1240,449,1,1
2749,1239,450,-1,1
2750,1240,449,1,1
2751,1239,450,-1,1
2752,1240,449,1,1
2753,1239,450,-1,1
2754,1240,449,1,1
2755,1239,450,-1,1
2756,1240,449,1,1
2757,1239,450,-1,1
2758,1240,449,1,1
2759,1239,450,-1,1
2760,1240,449,1,1
2761,1239,450,-1,1
2762,1240,449,1,1
2763,1239,450,-1,1
2764,1240,449,1,1
2765,1239,450,-1,1
2766,1240,449,1,1
2767,1239,450,-1,1
2768,1240,449,1,1
2769,1239,450,-1,1
2770,1240,449,1,1
2771,1239,450,-1,1
2772,1240,449,1,1
2773,1239,450,-1,1
2774,1240,449,1,1
2775,1239,450,-1,1
2776,1240,449,1,1
2777,1239,450,-1,1
2778,1240,449,1,1
2779,1239,450,-1,1
2780,1240,449,1,1
2781,1239,450,-1,1
2782,1240,449,1,1
2783,1239,450,-1,1
2784,1240,449,1,1
2785,1239,450,-1,1
2786,1240,449,1,1
2787,1239,450,-1,1
2788,1240,449,1,1
2789,1239,450,-1,1
2790,1240,449,1,1
2791,1239,450,-1,1
2792,1240,449,1,1
2793,1239,450,-1,1
2794,1240,449,1,1
2795,1239,450,-1,1
2796,1240,449,1,1
2797,1239,450,-1,1
2798,1240,449,1,1
2799,1239,450,-1,1
2800,1240,449,1,1
2801,1239,450,-1,1
2802,1240,449,1,1
2803,1239,450,-1,1
2804,1240,449,1,1
2805,1239,450,-1,1
2806,1240,449,1,1
2807,1239,450,-1,1
2808,1240,449,1,1
2809,1239,450,-1,1
2810,1240,449,1,1
2811,1239,450,-1,1
2812,1240,449,1,1
2813,1239,450,-1,1
2814,1240,449,1,1
2815,1239,450,-1,1
2816,1240,449,1,1
2817,1239,450,-1,1
2818,1240,449,1,1
2819,1239,450,-1,1
2820,1240,449,1,1
2821,1239,450,-1,1
2822,1240,449,1,1
2823,1239,450,-1,1
2824,1240,449,1,1
2825,1239,450,-1,1
2826,1240,449,1,1
2827,1239,450,-1,1
2828,1240,449,1,1
2829,1239,450,-1,1
2830,1240,449,1,1
2831,1239,450,-1,1
2832,1240,449,1,1
2833,1239,450,-1,1
2834,1240,449,1,1
2835,1239,450,-1,1
2836,1240,449,1,1
2837,1239,450,-1,1
2838,1240,449,1,1
2839,1239,450,-1,1
2840,1240,449,1,1
2841,1239,450,-1,1
2842,1240,449,1,1
2843,1239,450,-1,1
2844,1240,449,1,1
2845,1239,450,-1,1
2846,1240,449,1,1
2847,1239,450,-1,1
2848,1240,449,1,1
2849,1239,450,-1,1
2850,1240,449,1,1
2851,1239,450,-1,1
2852,1240,449,1,1
2853,1239,450,-1,1
2854,1240,449,1,1
2855,1239,450,-1,1
2856,1240,449,1,1
2857,1239,450,-1,1
2858,1240,449,1,1
2859,1239,450,-1,1
2860,1240,449,1,1
2861,1239,450,-1,1
2862,1240,449,1,1
2863,1239,450,-1,1
2864,1240,449,1,1
2865,1239,450,-1,1
2866,1240,449,1,1
2867,1239,450,-1,1
2868,1240,449,1,1
2869,1239,450,-1,1
2870,1240,449,1,1
2871,1239,450,-1,1
2872,1240,449,1,1
2873,1239,450,-1,1
2874,1240,449,1,1
2875,1239,450,-1,1
2876,1240,449,1,1
2877,1239,450,-1,1
2878,1240,449,1,1
2879,1239,450,-1,1
2880,1240,449,1,1
2881,1239,450,-1,1
2882,1240,449,1,1
2883,1239,450,-1,1
2884,1240,449,1,1
2885,1239,450,-1,1
2886,1240,449,1,1
2887,1239,450,-1,1
2888,1240,449,1,1
2889,1239,450,-1,1
2890,1240,449,1,1
2891,1239,450,-1,1
2892,1240,449,1,1
2893,1239,450,-1,1
2894,1240,449,1,1
2895,1239,450,-1,1
2896,1240,449,1,1
2897,1239,450,-1,1
2898,1240,449,1,1
2899,1239,450,-1,1
2900,1240,449,1,1
2901,1239,450,-1,1
2902,1240,449,1,1
2903,1239,450,-1,1
2904,1240,449,1,1
2905,1239,450,-1,1
2906,1240,449,1,1
2907,1239,450,-1,1
2908,1240,449,1,1
2909,1239,450,-1,1
2910,1240,449,1,1
2911,1239,450,-1,1
2912,1240,449,1,1
2913,1239,450,-1,1
2914,1240,449,1,1
2915,1239,450,-1,1
2916,1240,449,1,1
2917,1239,450,-1,1
2918,1240,449,1,1
2919,1239,450,-1,1
2920,1240,449,1,1
2921,1239,450,-1,1
2922,1240,449,1,1
2923,1239,450,-1,1
2924,1240,449,1,1
2925,1239,450,-1,1
2926,1240,449,1,1
2927,1239,450,-1,1
2928,1240,449,1,1
2929,1239,450,-1,1
2930,1240,449,1,1
2931,1239,450,-1,1
2932,1240,449,1,1
2933,1239,450,-1,1
2934,1240,449,1,1
2935,1239,450,-1,1
2936,1240,449,1,1
2937,1239,450,-1,1
2938,1240,449,1,1
2939,1239,450,-1,1
2940,1240,449,1,1
2941,1239,450,-1,1
2942,1240,449,1,1
2943,1239,450,-1,1
2944,1240,449,1,1
2945,1239,450,-1,1
2946,1240,449,1,1
2947,1239,450,-1,1
2948,1240,449,1,1
2949,1239,450,-1,1
2950,1240,449,1,1
2951,1239,450,-1,1
2952,1240,449,1,1
2953,1239,450,-1,1
2954,1240,449,1,1
2955,1239,450,-1,1
2956,1240,449,1,1
2957,1239,450,-1,1
2958,1240,449,1,1
2959,1239,450,-1,1
2960,1240,449,1,1
2961,1239,450,-1,1
2962,1240,449,1,1
2963,1239,450,-1,1
2964,1240,449,1,1
2965,1239,450,-1,1
2966,1240,449,1,1
2967,1239,450,-1,1
2968,1240,449,1,1
2969,1239,450,-1,1
2970,1240,449,1,1
2971,1239,450,-1,1
2972,1240,449,1,1
2973,1239,450,-1,1
2974,1240,449,1,1
2975,1239,450,-1,1
2976,1240,449,1,1
2977,1239,450,-1,1
2978,1240,449,1,1
2979,1239,450,-1,1
2980,1240,449,1,1
2981,1239,450,-1,1
2982,1240,449,1,1
2983,1239,450,-1,1
2984,1240,449,1,1
2985,1239,450,-1,1
2986,1240,449,1,1
2987,1239,450,-1,1
2988,1240,449,1,1
2989,1239,450,-1,1
2990,1240,449,1,1
2991,1239,450,-1,1
2992,1240,449,1,1
2993,1239,450,-1,1
2994,1240,449,1,1
2995,1239,450,-1,1
2996,1240,449,1,1
2997,1239,450,-1,1
2998,1240,449,1,1
2999,1239,450,-1,1
3000,1240,449,1,1
3001,1239,450,-1,1
3002,1240,449,1,1
3003,1239,450,-1,1
3004,1240,449,1,1
3005,1239,450,-1,1
3006,1240,449,1,1
3007,1239,450,-1,1
3008,1240,449,1,1
3009,1239,450,-1,1
3010,1240,449,1,1
3011,1239,450,-1,1
3012,1240,449,1,1
3013,1239,450,-1,1
3014,1240,449,1,1
3015,1239,450,-1,1
3016,1240,449,1,1
3017,1239,450,-1,1
3018,1240,449,1,1
3019,1239,450,-1,1
3020,1240,449,1,1
3021,1239,450,-1,1
3022,1240,449,1,1
3023,1239,450,-1,1
3024,1240,449,1,1
3025,1239,450,-1,1
3026,1240,449,1,1
3027,1239,450,-1,1
3028,1240,449,1,1
3029,1239,450,-1,1
3030,1240,449,1,1
3031,1239,450,-1,1
3032,1240,449,1,1
3033,1239,450,-1,1
3034,1240,449,1,1
3035,1239,450,-1,1
3036,1240,449,1,1
3037,1239,450,-1,1
3038,1240,449,1,1
3039,1239,450,-1,1
3040,1240,449,1,1
3041,1239,450,-1,1
3042,1240,449,1,1
3043,1239,450,-1,1
3044,1240,449,1,1
3045,1239,450,-1,1
3046,1240,449,1,1
3047,1239,450,-1,1
3048,1240,449,1,1
3049,1239,450,-1,1
3050,1240,449,1,1
3051,1239,450,-1,1
3052,1240,449,1,1
3053,1239,450,-1,1
3054,1240,449,1,1
3055,1239,450,-1,1
3056,1240,449,1,1
3057,1239,450,-1,1
3058,1240,449,1,1
3059,1239,450,-1,1
3060,1240,449,1,1
3061,1239,450,-1,1
3062,1240,449,1,1
3063,1239,450,-1,1
3064,1240,449,1,1
3065,1239,450,-1,1
3066,1240,449,1,1
3067,1239,450,-1,1
3068,1240,449,1,1
3069,1239,450,-1,1
3070,1240,449,1,1
3071,1239,450,-1,1
3072,1240,449,1,1
3073,1239,450,-1,1
3074,1240,449,1,1
3075,1239,450,-1,1
3076,1240,449,1,1
3077,1239,450,-1,1
3078,1240,449,1,1
3079,1239,450,-1,1
3080,1240,449,1,1
3081,1239,450,-1,1
3082,1240,449,1,1
3083,1239,450,-1,1
3084,1240,449,1,1
3085,1239,450,-1,1
3086,1240,449,1,1
3087,1239,450,-1,1
3088,1240,449,1,1
3089,1239,450,-1,1
3090,1240,449,1,1
3091,1239,450,-1,1
3092,1240,449,1,1
3093,1239,450,-1,1
3094,1240,449,1,1
3095,1239,450,-1,1
3096,1240,449,1,1
3097,1239,450,-1,1
3098,1240,449,1,1
3099,1239,450,-1,1
3100,1240,449,1,1
3101,1239,450,-1,1
3102,1240,449,1,1
3103,1239,450,-1,1
3104,1240,449,1,1
3105,1239,450,-1,1
3106,1240,449,1,1
3107,1239,450,-1,1
3108,1240,449,1,1
3109,1239,450,-1,1
3110,1240,449,1,1
3111,1239,450,-1,1
3112,1240,449,1,1
3113,1239,450,-1,1
3114,1240,449,1,1
3115,1239,450,-1,1
3116,1240,449,1,1
3117,1239,450,-1,1
3118,1240,449,1,1
3119,1239,450,-1,1
3120,1240,449,1,1
3121,1239,450,-1,1
3122,1240,449,1,1
3123,1239,450,-1,1
3124,1240,449,1,1
3125,1239,450,-1,1
3126,1240,449,1,1
3127,1239,450,-1,1
3128,1240,449,1,1
3129,1239,450,-1,1
3130,1240,449,1,1
3131,1239,450,-1,1
3132,1240,449,1,1
3133,1239,450,-1,1
3134,1240,449,1,1
3135,1239,450,-1,1
3136,1240,449,1,1
3137,1239,450,-1,1
3138,1240,449,1,1
3139,1239,450,-1,1
3140,1240,449,1,1
3141,1239,450,-1,1
3142,1240,449,1,1
3143,1239,450,-1,1
3144,1240,449,1,1
3145,1239,450,-1,1
3146,1240,449,1,1
3147,1239,450,-1,1
3148,1240,449,1,1
3149,1239,450,-1,1
3150,1240,449,1,1
3151,1239,450,-1,1
3152,1240,449,1,1
3153,1239,450,-1,1
3154,1240,449,1,1
3155,1239,450,-1,1
3156,1240,449,1,1
3157,1239,450,-1,1
3158,1240,449,1,1
3159,1239,450,-1,1
3160,1240,449,1,1
3161,1239,450,-1,1
3162,1240,449,1,1
3163,1239,450,-1,1
3164,1240,449,1,1
3165,1239,450,-1,1
3166,1240,449,1,1
3167,1239,450,-1,1
3168,1240,449,1,1
3169,1239,450,-1,1
3170,1240,449,1,1
3171,1239,450,-1,1
3172,1240,449,1,1
3173,1239,450,-1,1
3174,1240,449,1,1
3175,1239,450,-1,1
3176,1240,449,1,1
3177,1239,450,-1,1
3178,1240,449,1,1
3179,1239,450,-1,1
3180,1240,449,1,1
3181,1239,450,-1,1
3182,1240,449,1,1
3183,1239,450,-1,1
3184,1240,449,1,1
3185,1239,450,-1,1
3186,1240,449,1,1
3187,1239,450,-1,1
3188,1240,449,1,1
3189,1239,450,-1,1
3190,1240,449,1,1
3191,1239,450,-1,1
3192,1240,449,1,1
3193,1239,450,-1,1
3194,1240,449,1,1
3195,1239,450,-1,1
3196,1240,449,1,1
3197,1239,450,-1,1
3198,1240,449,1,1
3199,1239,450,-1,1
3200,1240,449,1,1
3201,1239,450,-1,1
3202,1240,449,1,1
3203,1239,450,-1,1
3204,1240,449,1,1
3205,1239,450,-1,1
3206,1240,449,1,1
3207,1239,450,-1,1
3208,1240,449,1,1
3209,1239,450,-1,1
3210,1240,449,1,1
3211,1239,450,-1,1
3212,1240,449,1,1
3213,1239,450,-1,1
3214,1240,449,1,1
3215,1239,450,-1,1
3216,1240,449,1,1
3217,1239,450,-1,1
3218,1240,449,1,1
3219,1239,450,-1,1
3220,1240,449,1,1
3221,1239,450,-1,1
3222,1240,449,1,1
3223,1239,450,-1,1
3224,1240,449,1,1
3225,1239,450,-1,1
3226,1240,449,1,1
3227,1239,450,-1,1
3228,1240,449,1,1
3229,1239,450,-1,1
3230,1240,449,1,1
3231,1239,450,-1,1
3232,1240,449,1,1
3233,1239,450,-1,1
3234,1240,449,1,1
3235,1239,450,-1,1
3236,1240,449,1,1
3237,1239,450,-1,1
3238,1240,449,1,1
3239,1239,450,-1,1
3240,1240,449,1,1
3241,1239,450,-1,1
3242,1240,449,1,1
3243,1239,450,-1,1
3244,1240,449,1,1
3245,1239,450,-1,1
3246,1240,449,1,1
3247,1239,450,-1,1
3248,1240,449,1,1
3249,1239,450,-1,1
3250,1240,449,1,1
3251,1239,450,-1,1
3252,1240,449,1,1
3253,1239,450,-1,1
3254,1240,449,1,1
3255,1239,450,-1,1
3256,1240,449,1,1
3257,1239,450,-1,1
3258,1240,449,1,1
3259,1239,450,-1,1
3260,1240,449,1,1
3261,1239,450,-1,1
3262,1240,449,1,1
3263,1239,450,-1,1
3264,1240,449,1,1
3265,1239,450,-1,1
3266,1240,449,1,1
3267,1239,450,-1,1
3268,1240,449,1,1
3269,1239,450,-1,1
3270,1240,449,1,1
3271,1239,450,-1,1
3272,1240,449,1,1
3273,1239,450,-1,1
3274,1240,449,1,1
3275,1239,450,-1,1
3276,1240,449,1,1
3277,1239,450,-1,1
3278,1240,449,1,1
3279,1239,450,-1,1
3280,1240,449,1,1
3281,1239,450,-1,1
3282,1240,449,1,1
3283,1239,450,-1,1
3284,1240,449,1,1
3285,1239,450,-1,1
3286,1240,449,1,1
3287,1239,450,-1,1
3288,1240,449,1,1
3289,1239,450,-1,1
3290,1240,449,1,1
3291,1239,450,-1,1
3292,1240,449,1,1
3293,1239,450,-1,1
3294,1240,449,1,1
3295,1239,450,-1,1
3296,1240,449,1,1
3297,1239,450,-1,1
3298,1240,449,1,1
3299,1239,450,-1,1
3300,1240,449,1,1
3301,1239,450,-1,1
3302,1240,449,1,1
3303,1239,450,-1,1
3304,1240,449,1,1
3305,1239,450,-1,1
3306,1240,449,1,1
3307,1239,450,-1,1
3308,1240,449,1,1
3309,1239,450,-1,1
3310,1240,449,1,1
3311,1239,450,-1,1
3312,1240,449,1,1
3313,1239,450,-1,1
3314,1240,449,1,1
3315,1239,450,-1,1
3316,1240,449,1,1
3317,1239,450,-1,1
3318,1240,449,1,1
3319,1239,450,-1,1
3320,1240,449,1,1
3321,1239,450,-1,1
3322,1240,449,1,1
3323,1239,450,-1,1
3324,1240,449,1,1
3325,1239,450,-1,1
3326,1240,449,1,1
3327,1239,450,-1,1
3328,1240,449,1,1
3329,1239,450,-1,1
3330,1240,449,1,1
3331,1239,450,-1,1
3332,1240,449,1,1
3333,1239,450,-1,1
3334,1240,449,1,1
3335,1239,450,-1,1
3336,1240,449,1,1
3337,1239,450,-1,1
3338,1240,449,1,1
3339,1239,450,-1,1
3340,1240,449,1,1
3341,1239,450,-1,1
3342,1240,449,1,1
3343,1239,450,-1,1
3344,1240,449,1,1
3345,1239,450,-1,1
3346,1240,449,1,1
3347,1239,450,-1,1
3348,1240,449,1,1
3349,1239,450,-1,1
3350,1240,449,1,1
3351,1239,450,-1,1
3352,1240,449,1,1
3353,1239,450,-1,1
3354,1240,449,1,1
3355,1239,450,-1,1
3356,1240,449,1,1
3357,1239,450,-1,1
3358,1240,449,1,1
3359,1239,450,-1,1
3360,1240,449,1,1
3361,1239,450,-1,1
3362,1240,449,1,1
3363,1239,450,-1,1
3364,1240,449,1,1
3365,1239,450,-1,1
3366,1240,449,1,1
3367,1239,450,-1,1
3368,1240,449,1,1
3369,1239,450,-1,1
3370,1240,449,1,1
3371,1239,450,-1,1
3372,1240,449,1,1
3373,1239,450,-1,1
3374,1240,449,1,1
3375,1239,450,-1,1
3376,1240,449,1,1
3377,1239,450,-1,1
3378,1240,449,1,1
3379,1239,450,-1,1
3380,1240,449,1,1
3381,1239,450,-1,1
3382,1240,449,1,1
3383,1239,450,-1,1
3384,1240,449,1,1
3385,1239,450,-1,1
3386,1240,449,1,1
3387,1239,450,-1,1
3388,1240,449,1,1
3389,1239,450,-1,1
3390,1240,449,1,1
3391,1239,450,-1,1
3392,1240,449,1,1
3393,1239,450,-1,1
3394,1240,449,1,1
3395,1239,450,-1,1
3396,1240,449,1,1
3397,1239,450,-1,1
3398,1240,449,1,1
3399,1239,450,-1,1
3400,1240,449,1,1
3401,1239,450,-1,1
3402,1240,449,1,1
3403,1239,450,-1,1
3404,1240,449,1,1
3405,1239,450,-1,1
3406,1240,449,1,1
3407,1239,450,-1,1
3408,1240,449,1,1
3409,1239,450,-1,1
3410,1240,449,1,1
3411,1239,450,-1,1
3412,1240,449,1,1
3413,1239,450,-1,1
3414,1240,449,1,1
3415,1239,450,-1,1
3416,1240,449,1,1
3417,1239,450,-1,1
3418,1240,449,1,1
3419,1239,450,-1,1
3420,1240,449,1,1
3421,1239,450,-1,1
3422,1240,449,1,1
3423,1239,450,-1,1
3424,1240,449,1,1
3425,1239,450,-1,1
3426,1240,449,1,1
3427,1239,450,-1,1
3428,1240,449,1,1
3429,1239,450,-1,1
3430,1240,449,1,1
3431,1239,450,-1,1
3432,1240,449,1,1
3433,1239,450,-1,1
3434,1240,449,1,1
3435,1239,450,-1,1
3436,1240,449,1,1
3437,1239,450,-1,1
3438,1240,449,1,1
3439,1239,450,-1,1
3440,1240,449,1,1
3441,1239,450,-1,1
3442,1240,449,1,1
3443,1239,450,-1,1
3444,1240,449,1,1
3445,1239,450,-1,1
3446,1240,449,1,1
3447,1239,450,-1,1
3448,1240,449,1,1
3449,1239,450,-1,1
3450,1240,449,1,1
3451,1239,450,-1,1
3452,1240,449,1,1
3453,1239,450,-1,1
3454,1240,449,1,1
3455,1239,450,-1,1
3456,1240,449,1,1
3457,1239,450,-1,1
3458,1240,449,1,1
3459,1239,450,-1,1
3460,1240,449,1,1
3461,1239,450,-1,1
3462,1240,449,1,1
3463,1239,450,-1,1
3464,1240,449,1,1
3465,1239,450,-1,1
3466,1240,449,1,1
3467,1239,450,-1,1
3468,1240,449,1,1
3469,1239,450,-1,1
3470,1240,449,1,1
3471,1239,450,-1,1
3472,1240,449,1,1
3473,1239,450,-1,1
3474,1240,449,1,1
3475,1239,450,-1,1
3476,1240,449,1,1
3477,1239,450,-1,1
3478,1240,449,1,1
3479,1239,450,-1,1
3480,1240,449,1,1
3481,1239,450,-1,1
3482,1240,449,1,1
3483,1239,450,-1,1
3484,1240,449,1,1
3485,1239,450,-1,1
3486,1240,449,1,1
3487,1239,450,-1,1
3488,1240,449,1,1
3489,1239,450,-1,1
3490,1240,449,1,1
3491,1239,450,-1,1
3492,1240,449,1,1
3493,1239,450,-1,1
3494,1240,449,1,1
3495,1239,450,-1,1
3496,1240,449,1,1
3497,1239,450,-1,1
3498,1240,449,1,1
3499,1239,450,-1,1
3500,1240,449,1,1
3501,1239,450,-1,1
3502,1240,449,1,1
3503,1239,450,-1,1
3504,1240,449,1,1
3505,1239,450,-1,1
3506,1240,449,1,1
3507,1239,450,-1,1
3508,1240,449,1,1
3509,1239,450,-1,1
3510,1240,449,1,1
3511,1239,450,-1,1
3512,1240,449,1,1
3513,1239,450,-1,1
3514,1240,449,1,1
3515,1239,450,-1,1
3516,1240,449,1,1
3517,1239,450,-1,1
3518,1240,449,1,1
3519,1239,450,-1,1
3520,1240,449,1,1
3521,1239,450,-1,1
3522,1240,449,1,1
3523,1239,450,-1,1
3524,1240,449,1,1
3525,1239,450,-1,1
3526,1240,449,1,1
3527,1239,450,-1,1
3528,1240,449,1,1
3529,1239,450,-1,1
3530,1240,449,1,1
3531,1239,450,-1,1
3532,1240,449,1,1
3533,1239,450,-1,1
3534,1240,449,1,1
3535,1239,450,-1,1
3536,1240,449,1,1
3537,1239,450,-1,1
3538,1240,449,1,1
3539,1239,450,-1,1
3540,1240,449,1,1
3541,1239,450,-1,1
3542,1240,449,1,1
3543,1239,450,-1,1
3544,1240,449,1,1
3545,1239,450,-1,1
3546,1240,449,1,1
3547,1239,450,-1,1
3548,1240,449,1,1
3549,1239,450,-1,1
3550,1240,449,1,1
3551,1239,450,-1,1
3552,1240,449,1,1
3553,1239,450,-1,1
3554,1240,449,1,1
3555,1239,450,-1,1
3556,1240,449,1,1
3557,1239,450,-1,1
3558,1240,449,1,1
3559,1239,450,-1,1
3560,1240,449,1,1
3561,1239,450,-1,1
3562,1240,449,1,1
3563,1239,450,-1,1
3564,1240,449,1,1
3565,1239,450,-1,1
3566,1240,449,1,1
3567,1239,450,-1,1
3568,1240,449,1,1
3569,1239,450,-1,1
3570,1240,449,1,1
